timestamp,x_acc,y_acc,z_acc,x_gyro,y_gyro,z_gyro,prev_mag,mag,mag_delta,original_steps,binary
00:54.1,-0.520950019,-9.48195076,2.118000031,-0.0077,0.071087502,0.032862499,0,9.729578781,9.729578781,0,0
00:54.2,-0.612000048,-9.429000854,1.845000029,0.022,-0.063112497,0.01045,9.729578781,9.627285509,-0.102293272,0,0
00:54.2,-0.69600004,-9.457950592,1.881000042,0.00715,-0.033275001,0.032862499,9.627285509,9.668268026,0.040982516,0,0
00:54.3,-0.44205001,-9.412950516,1.896000147,-0.0353375,-0.044962499,0.0072875,9.668268026,9.612172605,-0.056095421,0,0
00:54.4,-0.508949995,-9.433950424,1.759050131,-0.0099,-0.060912501,0.0083875,9.612172605,9.610031637,-0.002140967,0,0
00:54.5,-0.531000018,-9.652050018,1.936050057,0.0561,0.075212501,0.032862499,9.610031637,9.858616556,0.248584919,0,0
00:54.5,-0.672000051,-9.396000862,1.929000139,0.00935,0.010312499,0.021175001,9.858616556,9.615480113,-0.243136443,0,0
00:54.6,-0.80400002,-9.300000191,1.957950115,-0.0099,0.00935,0.013612499,9.615480113,9.53781884,-0.077661273,0,0
00:54.7,-0.775050044,-9.604050636,1.965000153,-0.033275001,0.080574997,0.040287498,9.53781884,9.833601415,0.295782575,0,0
00:54.8,-0.679050028,-9.376950264,1.860000134,0.0231,-0.0375375,0.0061875,9.833601415,9.583731303,-0.249870112,0,0
00:54.9,-0.634050012,-9.480000496,1.989000082,0.00605,0.029562499,0.0009625,9.583731303,9.707139133,0.12340783,0,0
00:54.9,-0.720000029,-9.412950516,2.106000185,0.015675001,-0.016224999,0.0061875,9.707139133,9.67250093,-0.034638203,0,0
00:55.0,-1.117050052,-9.68295002,3.036000252,-0.0056375,-0.0683375,-0.0160875,9.67250093,10.20904596,0.536545031,0,0
00:55.1,-1.423950076,-9.844050407,3.330000162,0.168987498,-0.318450004,-0.023512499,10.20904596,10.48913072,0.280084762,0,0
00:55.2,0.229950011,-9.184950829,3.049950123,0.259324998,-0.264137506,0.115774997,10.48913072,9.680826126,-0.808304597,0,0
00:55.3,-1.32795012,-9.040950775,2.194950104,0.372212499,-0.373862505,0.0881375,9.680826126,9.397874675,-0.282951452,0,0
00:55.3,-0.634050012,-8.74200058,3.349050045,0.0859375,-0.285450011,0.050875001,9.397874675,9.383002172,-0.014872503,0,0
00:55.4,-0.741000056,-9.136950493,3.811950207,0.107249998,-0.490875006,0.073287502,9.383002172,9.927935826,0.544933654,0,0
00:55.5,-0.613950014,-8.304000854,3.450000048,0.243375003,-0.388712496,0.064762503,9.927935826,9.013094094,-0.914841733,0,0
00:55.6,-0.508949995,-8.023050308,2.944950104,0.125262499,-0.461037487,0.145612493,9.013094094,8.561606009,-0.451488084,0,0
00:55.7,-0.526050031,-8.173950195,3.451950073,-0.086487502,-0.251487494,0.221237496,8.561606009,8.88854036,0.326934351,0,0
00:55.7,-1.900950074,-13.93395042,5.878050327,-0.374825001,0.099687502,0.135024995,8.88854036,15.24204912,6.353508756,0,1
00:55.8,2.031000137,-6.081000328,-1.011000037,-0.194012493,-0.047162499,0.269087493,15.24204912,6.490427384,-8.751621732,0,0
00:55.9,-2.185950041,-9.115950584,0.705000043,-0.834625006,0.720224977,0.191399992,6.490427384,9.400848775,2.910421392,1,0
00:56.0,-1.182000041,-9.967950821,0.676050007,-0.58671248,0.0540375,0.016912499,9.400848775,10.06052739,0.65967861,1,0
00:56.1,-1.270950079,-9.562950134,0.130050004,-0.789937496,0.805337489,0.0264,10.06052739,9.647913887,-0.412613498,1,0
00:56.1,-1.299000025,-9.397950172,0.484950036,-0.690937519,0.37757501,-0.250250012,9.647913887,9.499686576,-0.148227311,1,0
00:56.2,-1.024049997,-9.475050926,-0.028950002,-0.620674968,0.601012468,-0.195937499,9.499686576,9.530273163,0.030586586,1,0
00:56.3,-1.182000041,-9.726000786,-0.309000015,-0.515349984,0.924549997,-0.286412507,9.530273163,9.802433187,0.272160025,1,0
00:56.4,-2.427000046,-10.22205067,1.777950048,-0.536662519,1.212887526,-0.339625001,9.802433187,10.65559738,0.853164188,1,0
00:56.5,-2.499000072,-13.81005096,3.819000244,0.0902,0.73081249,-0.080987498,10.65559738,14.54466472,3.889067346,1,1
00:56.5,-0.48300001,-11.01000023,-1.741050124,2.113237381,-0.316387504,0.471212506,14.54466472,11.15726891,-3.387395809,2,0
00:56.6,-0.094950005,-9.256950378,-0.634950042,1.590737462,0.160462499,0.435050011,11.15726891,9.279186784,-1.878082129,2,0
00:56.7,-0.169050008,-8.443050385,0.195000008,1.03193748,-0.811249971,0.495824993,9.279186784,8.446993708,-0.832193076,2,0
00:56.8,0.703950047,-7.477050304,0.76305002,0.625487506,-0.89526248,0.255199999,8.446993708,7.548779521,-0.898214187,2,0
00:56.9,-1.03395009,-8.220000267,3.95505023,0.0017875,-0.273762494,0.142450005,7.548779521,9.180407371,1.63162785,2,0
00:56.9,-1.840950131,-8.229000092,4.05795002,-0.163075,-0.063112497,0.161562502,9.180407371,9.358017859,0.177610488,2,0
00:57.0,-1.282950044,-10.00905037,6.348000526,-0.124849997,-0.400399983,0.107387498,9.358017859,11.92158382,2.563565961,2,1
00:57.1,-1.144050002,-10.91700077,2.097000122,0.067787498,-0.455812484,0.222200006,11.92158382,11.17529265,-0.746291174,2,0
00:57.2,2.323050022,-3.784050226,-3.804000139,-0.322712511,0.100787498,0.238287494,11.17529265,5.846880756,-5.328411891,3,0
00:57.3,-3.05700016,-9.505950928,0.447000027,-0.697399974,1.103299975,-0.058712501,5.846880756,9.995407047,4.148526291,3,0
00:57.3,-1.078950047,-9.68295002,0.49695003,-0.754737496,0.679799974,-0.015125,9.995407047,9.755542713,-0.239864334,3,0
00:57.4,-2.695950031,-9.262050629,0.408000022,-0.899524987,1.200099945,-0.239662498,9.755542713,9.655060457,-0.100482255,3,0
00:57.5,-1.659000039,-9.208950043,-0.211050004,-0.74634999,0.555225015,-0.36946249,9.655060457,9.359571792,-0.295488666,3,0
00:57.6,-1.764000058,-9.517950058,0.744000018,-0.752674997,0.667975008,-0.358737499,9.359571792,9.708584116,0.349012324,3,0
00:57.6,-1.144050002,-9.058050156,-1.164000034,-0.581349969,0.794612467,-0.311987489,9.708584116,9.20391325,-0.504670866,3,0
00:57.7,-1.795050144,-11.43900013,3.594000101,-0.562237501,1.027675033,-0.305525005,9.20391325,12.12393359,2.920020341,3,1
00:57.8,-0.760050058,-12.37500095,2.386950016,0.933075011,0.351999998,-0.008662499,12.12393359,12.62599917,0.502065581,4,0
00:57.9,-2.049000025,-10.5499506,-2.428950071,2.258987427,-0.532400012,0.316937506,12.62599917,11.01815126,-1.60784791,4,0
00:58.0,-0.382050008,-9.397950172,0.274050027,1.32357502,-0.875050008,0.732050002,11.01815126,9.409704197,-1.608447064,4,0
00:58.0,1.047000051,-7.626000404,0.091950007,1.187312484,-1.34117496,0.47025001,9.409704197,7.69808717,-1.711617027,4,0
00:58.1,0.141000003,-6.952950478,0.801000059,0.418962508,-0.80588752,0.255199999,7.69808717,7.000357308,-0.697729862,4,0
00:58.2,-0.322050005,-7.630950451,3.481050253,-0.065174997,-0.61641252,0.129662499,7.000357308,8.39361852,1.393261212,4,0
00:58.3,-3.414000273,-9.858000755,6.762000084,-0.357912511,0.128425002,0.030662499,8.39361852,12.43222514,4.038606619,4,0
00:58.4,-0.943050027,-6.193950176,1.096050024,0.417999983,-0.836687505,0.296725005,12.43222514,6.360478582,-6.071746556,4,0
00:58.4,-0.715050042,-19.69200134,10.68000031,-0.51424998,-0.249287501,0.308412492,6.360478582,22.41313499,16.05265641,5,1
00:58.5,-3.091050148,-11.28300095,2.227950096,0.165687501,-0.305662513,0.089237496,22.41313499,11.90900764,-10.50412735,5,0
00:58.6,-0.48300001,-8.929050446,1.093050003,-0.60898751,0.689287484,0.161562502,11.90900764,9.008661897,-2.900345744,5,0
00:58.7,-1.909950137,-9.511050224,1.158000112,-0.789937496,0.994812489,-0.161974996,9.008661897,9.769797856,0.761135959,5,0
00:58.8,-1.450050116,-9.131999969,1.203000069,-0.821837485,0.520162523,-0.183149993,9.769797856,9.324337936,-0.44545992,5,0
00:58.8,-1.222950101,-9.307050705,0.820050061,-0.944212496,0.585062504,-0.268400013,9.324337936,9.422806476,0.09846854,5,0
00:58.9,-1.801950097,-9.573000908,0.847050011,-0.739887476,0.815925002,-0.36203751,9.422806476,9.777876265,0.35506979,5,0
00:59.0,-1.684950113,-9.712050438,-0.895950019,-0.521812499,0.751025021,-0.406724989,9.777876265,9.897762729,0.119886463,5,0
00:59.1,-0.634050012,-10.78005028,2.94900012,-0.494037509,1.52047503,-0.388574988,9.897762729,11.19411029,1.296347558,5,0
00:59.2,-2.566050053,-13.69995022,4.822050095,0.62865001,0.52442497,-0.085249998,11.19411029,14.74874286,3.554632574,6,1
00:59.2,-2.18295002,-11.51805019,-3.043950081,2.652787447,-1.002787471,0.442612499,14.74874286,12.11182823,-2.636914627,6,0
00:59.3,-0.655050039,-9.304950714,0.078000002,1.451312542,-0.548349977,0.676637471,12.11182823,9.328305438,-2.783522795,6,0
00:59.4,0.994050026,-6.571950436,0.147,1.112925053,-1.624287486,0.527724981,9.328305438,6.648328886,-2.679976552,6,0
00:59.5,0.157950014,-7.497000217,1.825950146,0.241312504,-0.922900021,0.32546249,6.648328886,7.717775224,1.069446337,6,0
00:59.6,-0.976050019,-7.612050533,3.724950075,-0.139699996,-0.303600013,0.199925005,7.717775224,8.530606076,0.812830852,6,0
00:59.6,-1.933950067,-8.967000008,5.548050404,-0.397237509,-0.262075007,0.092399999,8.530606076,10.72045313,2.189847052,6,0
00:59.7,-1.279950023,-8.730000496,3.483000278,-0.049224999,-0.54944998,0.168025002,10.72045313,9.485909111,-1.234544018,6,0
00:59.8,-3.892950296,-18.16905022,6.42195034,-0.536662519,-0.470662504,0.343612492,9.485909111,19.65988031,10.1739712,6,1
00:59.9,-1.213050008,-6.460050106,-0.127050012,0.082774997,-0.230175003,0.168987498,19.65988031,6.574182793,-13.08569752,7,0
01:00.0,-0.52305001,-8.581950188,-0.103050008,-0.862262487,1.041562438,0.107387498,6.574182793,8.598492289,2.024309496,7,0
01:00.0,-2.322000027,-9.666000366,0.091950007,-0.913412511,0.760649979,-0.207625002,8.598492289,9.941413481,1.342921193,7,0
01:00.1,-1.63500011,-9.415050507,0.006,-0.983675003,0.696712494,-0.188512504,9.941413481,9.555963447,-0.385450034,7,0
01:00.2,-1.113000035,-9.265950203,0.109050006,-0.958100021,0.444537491,-0.451412499,9.555963447,9.333193138,-0.222770309,7,0
01:00.3,-1.168050051,-9.61605072,-0.216000006,-0.737824976,0.648862481,-0.435462505,9.333193138,9.689139713,0.355946575,7,0
01:00.3,-2.008050203,-10.0159502,0.142050013,-0.610087514,0.881924987,-0.356674999,9.689139713,10.21624698,0.527107264,7,0
01:00.4,-2.142000198,-10.96500015,3.507000208,-0.303600013,0.781962514,-0.351312488,10.21624698,11.70975848,1.493511503,7,1
01:00.5,-0.721950054,-12.36600018,1.438050032,1.273525,0.464749992,0.120037496,11.70975848,12.470251,0.760492525,8,0
01:00.6,-2.286000013,-11.36700058,-1.789050102,2.273974895,-0.417450011,0.528687477,12.470251,11.73180287,-0.738448137,8,0
01:00.7,-0.420000017,-9.094050407,0.205050007,1.19157505,-1.14221251,0.875737488,11.73180287,9.10605284,-2.625750027,8,0
01:00.7,0.616050005,-7.420050144,-0.096000001,0.901037514,-1.6328125,0.563887477,9.10605284,7.446198879,-1.659853961,8,0
01:00.8,0.181950003,-7.188000202,1.299000025,0.134887502,-1.09958744,0.382937491,7.446198879,7.306699239,-0.13949964,8,0
01:00.9,-1.531950116,-8.088000298,4.474950314,-0.223712504,-0.662199974,0.315837502,7.306699239,9.36951441,2.062815171,8,0
01:01.0,-2.950050116,-11.2279501,8.275950432,-0.275962502,-0.578187525,0.262762487,9.36951441,14.25696372,4.887449313,8,1
01:01.1,0.477000028,-7.101000309,2.2120502,0.232787505,-0.90062499,0.364924997,14.25696372,7.452845128,-6.804118595,8,0
01:01.1,4.330049992,-2.163000107,-3.637950182,-0.583412468,0.242412493,0.071087502,7.452845128,6.054963577,-1.397881551,8,0
01:01.2,-2.527950048,-8.737050056,0.243000016,-1.079375029,1.245887518,-0.0171875,6.054963577,9.098660569,3.043696992,9,0
01:01.3,-1.933950067,-9.396000862,-0.733050048,-1.088999987,0.867074966,-0.124712497,9.098660569,9.620933293,0.522272725,9,0
01:01.4,-1.684950113,-9.274050713,-0.501000047,-1.164487481,1.177824974,-0.2226125,9.620933293,9.439177642,-0.181755652,9,0
01:01.5,-0.943050027,-8.905050278,-0.814950049,-0.954937518,0.708537519,-0.490737498,9.439177642,8.991852278,-0.447325364,9,0
01:01.5,-1.213050008,-9.742950439,-0.232950017,-0.861162484,1.000037551,-0.392837495,8.991852278,9.82093882,0.829086542,9,0
01:01.6,-2.080049992,-10.7299509,1.893000126,-0.65367502,0.687224984,-0.38431251,9.82093882,11.09242552,1.271486698,9,0
01:01.7,-4.032000065,-15.56100082,4.570950031,0.374274999,0.804237485,-0.091712497,11.09242552,16.71213198,5.619706463,9,1
01:01.8,-2.25,-10.79505062,-4.423950195,2.535774946,-0.342925012,0.460624993,16.71213198,11.88137001,-4.830761974,10,0
01:01.9,-0.586050034,-9.808050156,-0.393000007,1.842912436,-0.996325016,0.784162521,11.88137001,9.833399794,-2.047970213,10,0
01:01.9,0.967950046,-7.003050327,-0.793050051,1.266100049,-1.724249959,0.614899993,9.833399794,7.113970028,-2.719429766,10,0
01:02.0,-0.270000011,-7.444050312,-0.352050006,0.72338748,-1.395487547,0.31597501,7.113970028,7.457259836,0.343289808,10,0
01:02.1,-0.028050002,-6.649050236,2.76300025,-0.200337499,-0.641987503,0.404249996,7.457259836,7.200335146,-0.25692469,10,0
01:02.2,-3.726000071,-11.85105038,9.99600029,-0.487712502,-0.34512499,0.176550001,7.200335146,15.94523419,8.744899043,10,1
01:02.3,-2.170950174,-7.200000286,1.71600008,0.260425001,-0.786774993,0.645837486,15.94523419,7.713474253,-8.231759936,10,0
01:02.3,5.305050373,-2.254050016,-6.064050198,-0.636624992,0.120999999,0.270187497,7.713474253,8.366421322,0.652947069,11,0
01:02.4,-1.311000109,-8.482950211,-0.609000027,-1.109212518,1.085150003,-0.078924999,8.366421322,8.605233675,0.238812353,11,0
01:02.5,-3.213000059,-9.487050056,-0.589050055,-1.152799964,1.441687465,-0.137500003,8.605233675,10.03366673,1.428433059,11,0
01:02.6,-1.362000108,-9.649950027,0.018000001,-1.196387529,0.943662524,-0.455675006,10.03366673,9.745609464,-0.28805727,11,0
01:02.7,-1.204050064,-8.943000793,-0.475050032,-0.998525023,0.753224969,-0.536525011,9.745609464,9.036186822,-0.709422642,11,0
01:02.7,-2.449050188,-9.928050041,-0.508050025,-0.735624969,0.867074966,-0.424737483,9.036186822,10.23826837,1.202081551,11,0
01:02.8,-2.233050108,-11.25000095,3.493050098,-0.611187518,0.503112495,-0.363000005,10.23826837,11.98959688,1.751328503,11,0
01:02.9,-0.87105006,-13.44600105,2.446050167,1.088449955,0.607337475,0.130762503,11.98959688,13.69440886,1.704811982,11,1
01:03.0,-1.94595015,-12.6820507,-2.431050062,2.420825005,-0.4120875,0.425562501,13.69440886,13.05875708,-0.635651777,12,0
01:03.1,0.228000015,-9.774000168,0.150000006,1.672687531,-1.581662536,0.773575008,13.05875708,9.777809739,-3.280947341,12,0
01:03.1,1.048950076,-6.856950283,-0.787950039,1.304462552,-0.996325016,0.423362494,9.777809739,6.981327145,-2.796482594,12,0
01:03.2,0.220050007,-6.172050476,0.211950004,0.451000005,-1.079375029,0.214774996,6.981327145,6.179607746,-0.8017194,12,0
01:03.3,-0.418050021,-8.184000015,5.826000214,-0.299337506,-0.647350013,0.063662499,6.179607746,10.05459599,3.874988246,12,0
01:03.4,-1.903050065,-9.391050339,5.376000404,-0.243925005,0.00935,0.183974996,10.05459599,10.98702901,0.932433013,12,0
01:03.4,0.300000012,-20.49000168,8.223000526,-0.281187505,-0.313225001,0.461724997,10.98702901,22.08048701,11.093458,12,1
01:03.5,-3.663000107,-10.62000084,-1.267050028,-0.0705375,0.026262499,0.069025002,22.08048701,11.30519365,-10.77529336,13,0
01:03.6,-1.417050123,-9.573000908,-0.433950007,-1.030424953,1.011724949,0.120037496,11.30519365,9.687037217,-1.618156429,13,0
01:03.7,-1.393050075,-8.947950363,0.460950017,-1.228425026,1.163937449,-0.332199991,9.687037217,9.067462662,-0.619574555,13,0
01:03.8,-2.296050072,-9.243000031,-0.082050003,-1.091062546,0.661650002,-0.474787503,9.067462662,9.524265205,0.456802543,13,0
01:03.8,-1.720950127,-9.313950539,-0.460050017,-0.984637499,0.407274991,-0.502425015,9.524265205,9.482773328,-0.041491877,13,0
01:03.9,-0.38895002,-10.05195045,0.102000006,-0.958100021,0.872299969,-0.406724989,9.482773328,10.05998976,0.577216436,13,0
01:04.0,-3.667950153,-13.27605057,7.251000404,-0.30250001,0.733974993,-0.300300002,10.05998976,15.56548695,5.505497181,13,1
01:04.1,0.300000012,-12.2629509,-2.901000023,2.129187584,0.229625002,0.511775017,15.56548695,12.60498972,-2.960497226,14,0
01:04.2,-1.726050138,-11.31405067,-0.942000031,2.369674921,-1.180437446,0.600049973,12.60498972,11.48365603,-1.121333691,14,0
01:04.2,0.778950036,-7.374000549,-0.336000025,1.510849953,-1.064525008,0.883162498,11.48365603,7.422637218,-4.061018811,14,0
01:04.3,0.891000032,-6.166950226,-0.697050035,0.916024983,-1.241212487,0.25850001,7.422637218,6.269851266,-1.152785952,14,0
01:04.4,-0.364950031,-6.775950432,2.700000048,-0.239662498,-0.55893749,0.132825002,6.269851266,7.303197453,1.033346187,14,0
01:04.5,-3.706050158,-10.72695065,8.776050568,-0.453612506,-0.26523751,0.071087502,7.303197453,14.34647488,7.043277427,14,1
01:04.6,-1.378050089,-9.511050224,3.934050083,0.035887498,-0.511087477,0.445775002,14.34647488,10.3844041,-3.962070782,14,0
01:04.6,3.310050249,-2.019000053,-3.775050163,-0.296175003,0.0561,0.253137499,10.3844041,5.411450601,-4.972953498,15,0
01:04.7,-1.921950102,-8.905050278,-0.372000009,-0.939949989,1.095875025,-0.02255,5.411450601,9.117685926,3.706235326,15,0
01:04.8,-2.125950098,-9.094050407,-0.771000028,-1.077312469,1.336362481,-0.204462498,9.117685926,9.371011561,0.253325635,15,0
01:04.9,-2.403000116,-9.367050171,-0.163050011,-1.13478744,1.073462486,-0.337562501,9.371011561,9.671743574,0.300732014,15,0
01:05.0,-1.024049997,-9.223050117,-0.714000046,-0.966624975,0.445637494,-0.548212469,9.671743574,9.307154664,-0.364588911,15,0
01:05.0,-0.969000041,-9.504000664,-0.088950001,-0.894162476,0.793649971,-0.493900001,9.307154664,9.553685247,0.246530583,15,0
01:05.1,-2.911050081,-11.26605034,3.334950209,-0.713349998,0.777700007,-0.495000005,9.553685247,12.10454442,2.550859177,15,0
01:05.2,-3.141000032,-14.53305054,3.402000189,0.68076247,0.460487485,0.0009625,12.10454442,15.25283726,3.148292834,16,1
01:05.3,-1.16505003,-12.28695011,-3.079950094,2.626112461,-0.605825007,0.629887521,15.25283726,12.72055727,-2.53227999,16,0
01:05.4,0.060000002,-9.259050369,-0.373950005,1.694962502,-1.343374968,0.880962491,12.72055727,9.266792991,-3.453764276,16,0
01:05.4,1.504050016,-6.534000397,-0.690000057,1.192674994,-1.035787463,0.50751251,9.266792991,6.740283949,-2.526509042,16,0
01:05.5,0.07395,-6.505050182,0.838950038,0.349799991,-1.165587544,0.135987505,6.740283949,6.559343233,-0.180940717,16,0
01:05.6,-1.168050051,-8.167050362,4.806000233,-0.324912488,-0.146025002,0.127599999,6.559343233,9.547915519,2.988572287,16,0
01:05.7,-3.013950109,-10.4110508,5.08095026,-0.379087508,-0.176962495,0.095562503,9.547915519,11.97037717,2.422461647,16,0
01:05.8,-2.46600008,-18.07305145,5.821050167,-0.034375001,-0.349387497,0.451000005,11.97037717,19.14682664,7.176449471,16,1
01:05.8,-2.049000025,-7.579950333,-1.095000029,0.230587497,-0.135437503,0.104087502,19.14682664,7.927993013,-11.21883362,17,0
01:05.9,-1.183950067,-9.148950577,-0.520050049,-1.057099938,1.144824982,0.111512497,7.927993013,9.239885631,1.311892618,17,0
01:06.0,-1.690050125,-9.352950096,0.208950013,-1.218799949,1.095875025,-0.343887508,9.239885631,9.506713682,0.266828051,17,0
01:06.1,-2.017950058,-9.055950165,-0.384000003,-1.113474965,0.702075005,-0.400262505,9.506713682,9.286000852,-0.22071283,17,0
01:06.2,-1.764000058,-9.537000656,-0.247050017,-1.036887527,0.712800026,-0.483312488,9.286000852,9.701912772,0.41591192,17,0
01:06.2,-2.368050098,-10.69200039,0.633000016,-0.896362484,0.971300006,-0.435462505,9.701912772,10.96937658,1.267463811,17,0
01:06.3,-2.671950102,-11.41995049,4.438950062,-0.511087477,0.729712486,-0.327937484,10.96937658,12.54028963,1.570913051,17,1
01:06.4,-0.516000032,-13.25895023,1.363950014,1.476887465,0.262625009,0.250937492,12.54028963,13.33890464,0.798615006,18,0
01:06.5,-2.026950121,-12.41400051,-1.126049995,2.494250059,-1.04211247,0.656424999,13.33890464,12.62869447,-0.710210167,18,0
01:06.6,0.417000026,-8.137949944,-0.501000047,1.713112473,-1.257162452,0.839437485,12.62869447,8.164013679,-4.464680793,18,0
01:06.6,1.46295011,-5.806050301,-1.363050103,1.242725015,-1.078274965,0.305249989,8.164013679,6.140712394,-2.023301285,18,0
01:06.7,-0.175950006,-6.298950195,1.984050035,-0.060912501,-0.733562469,0.073287502,6.140712394,6.606374687,0.465662294,18,0
01:06.8,-2.569050074,-9.520050049,8.341050148,-0.339762509,-0.669624984,0.076449998,6.606374687,12.91528121,6.308906525,18,1
01:06.9,0.877050042,-10.35105038,5.152950287,-0.353650004,0.37963751,0.264824986,12.91528121,11.59596298,-1.319318236,18,0
01:07.0,0.574950039,-6.486000538,-2.127000093,-0.354612499,-0.0407,0.103124999,11.59596298,6.850029191,-4.745933785,19,0
01:07.0,-1.105050087,-8.770950317,-0.93900007,-1.005949974,0.865975022,0.073287502,6.850029191,8.890018352,2.03998916,19,0
01:07.1,-2.125950098,-9.480000496,-0.541950047,-1.344337463,1.297037482,-0.234300002,8.890018352,9.730559238,0.840540886,19,0
01:07.2,-1.744950056,-9.295050621,-0.477000028,-1.203950047,0.779762506,-0.488674998,9.730559238,9.469442738,-0.261116499,19,0
01:07.3,-0.646050036,-9.120000839,-0.762000024,-1.017637491,0.558387518,-0.46419999,9.469442738,9.17455394,-0.294888798,19,0
01:07.3,-1.726050138,-10.81605053,0.825000048,-0.921937466,1.122412443,-0.389674991,9.17455394,10.98393478,1.809380839,19,0
01:07.4,-2.54700017,-11.73795033,4.46505022,-0.371662498,0.744700015,-0.325874984,10.98393478,12.81418593,1.830251156,19,0
01:07.5,-1.59405005,-13.95405102,0.640950024,1.484312534,0.336050004,0.191399992,12.81418593,14.05942219,1.245236255,20,1
01:07.6,-3.076050043,-12.37500095,-2.173050165,2.59641242,-0.436562508,0.693687499,14.05942219,12.93541184,-1.124010349,20,0
01:07.7,0.643950045,-8.625,-0.742950022,1.630062461,-1.949887514,1.00553751,12.93541184,8.680856605,-4.254555236,20,0
01:07.7,0.676050007,-6.547950268,-1.012950063,1.042662501,-1.668974996,0.727787495,8.680856605,6.660237545,-2.02061906,20,0
01:07.8,1.387050033,-6.26295042,1.405050039,0.036987498,-1.091062546,0.446737498,6.660237545,6.56678166,-0.093455884,20,0
01:07.9,-2.238000154,-9.589950562,6.822000504,-0.507924974,-0.320650011,-0.026812499,6.56678166,11.97979496,5.413013302,20,0
01:08.0,-2.173950195,-9.789000511,4.2520504,-0.350349993,-0.230175003,0.253137499,11.97979496,10.891764,-1.088030961,20,0
01:08.1,5.037000179,-12.10005093,2.190000057,-0.423774987,-0.080162503,0.338250011,10.891764,13.28829197,2.396527968,20,1
01:08.1,-3.603000164,-11.56800079,0.624000013,-0.572825015,0.0188375,-0.27678749,13.28829197,12.13217328,-1.156118687,21,0
01:08.2,-1.83795011,-9.540000916,-0.783000052,-1.013375044,0.946824968,0.042350002,12.13217328,9.746936296,-2.385236986,21,0
01:08.3,-0.943050027,-9.604050636,-0.237000018,-1.2890625,0.869137466,-0.347050011,9.746936296,9.653149796,-0.0937865,21,0
01:08.4,-1.390050054,-8.602950096,-0.895950019,-1.130524993,0.601012468,-0.534462512,9.653149796,8.760463227,-0.892686569,21,0
01:08.5,-1.471950054,-9.417000771,-0.084000006,-1.09958744,0.637175024,-0.519474983,8.760463227,9.531715296,0.771252069,21,0
01:08.5,-2.535000086,-12.04500103,4.223999977,-0.899524987,0.969237506,-0.385412484,9.531715296,13.01347191,3.481756611,21,0
01:08.6,-3.727950096,-14.74605083,4.056000233,0.864875019,0.570074975,-0.028875001,13.01347191,15.74149818,2.728026276,21,1
01:08.7,-1.31400001,-12.90195084,-4.635000229,2.882687569,-0.49939999,0.635112524,15.74149818,13.77207895,-1.969419235,22,0
01:08.8,-0.274050027,-9.336000443,-0.769050062,1.675850034,-0.882475019,0.992749989,13.77207895,9.37162983,-4.400449117,22,0
01:08.9,1.528050065,-5.716950417,-0.79095006,1.335262537,-1.379537463,0.667150021,9.37162983,5.97026474,-3.40136509,22,0
01:08.9,0.580050051,-6.436050415,0.058950003,0.442474991,-1.017637491,0.196762502,5.97026474,6.462404979,0.492140239,22,0
01:09.0,-1.24695003,-8.959950447,6.550950527,-0.476024985,-0.256712496,0.064762503,6.462404979,11.16917854,4.706773559,22,0
01:09.1,-1.872000098,-9.340950012,5.116950035,-0.25575,-0.107799999,0.130762503,11.16917854,10.81392201,-0.355256531,22,0
01:09.2,2.893050194,-17.60595131,6.220950127,-0.564300001,-0.057750002,0.501049995,10.81392201,18.89548839,8.081566381,23,1
01:09.2,-3.289950132,-11.25000095,-1.231050014,-0.163075,-0.081124999,-0.120449997,18.89548839,11.78565982,-7.109828564,23,0
01:09.3,-1.618050098,-9.978000641,-0.891000032,-1.103850007,1.124612451,0.049912501,11.78565982,10.14753487,-1.638124952,23,0
01:09.4,-0.835050046,-9.334050179,0.286050022,-1.429450035,1.083087444,-0.388574988,10.14753487,9.375693357,-0.771841514,23,0
01:09.5,-2.260050058,-9.064949989,-0.265950024,-1.133687496,0.43711251,-0.587537467,9.375693357,9.346222445,-0.029470912,23,0
01:09.6,-0.933000028,-9.528000832,-0.261000007,-0.939949989,0.781962514,-0.401362509,9.346222445,9.577129523,0.230907078,23,0
01:09.6,-2.643000126,-11.85300064,3.190950155,-0.867624998,0.861712515,-0.398200005,9.577129523,12.55632258,2.979193058,23,0
01:09.7,-5.136000156,-15.11805058,6.204000473,0.681862473,0.590287507,0.021175001,12.55632258,17.12961099,4.573288409,23,1
01:09.8,-1.881000042,-13.84305096,-5.866050243,3.38607502,-0.754737496,0.729849994,17.12961099,15.15185686,-1.977754127,24,0
01:09.9,-1.102950096,-9.139950752,-0.931950033,2.016437531,-1.052837491,0.96085,15.15185686,9.253309113,-5.898547751,24,0
01:10.0,0.970050037,-5.599950314,-0.826950014,1.389575005,-1.833974957,0.625625014,9.253309113,5.743194835,-3.510114277,24,0
01:10.1,0.810000062,-6.424050331,1.189050078,0.56911248,-1.587025046,0.278712511,5.743194835,6.583187894,0.839993059,24,0
01:10.1,-0.988050044,-8.368050575,7.552950382,-0.25575,-0.340862513,0.234025002,6.583187894,11.31581074,4.73262285,24,1
01:10.2,-2.395950079,-9.256950378,6.420000076,-0.341825008,-0.161974996,0.171187505,11.31581074,11.51729604,0.201485296,24,0
01:10.3,3.171000242,-7.851000309,-0.118050009,-0.338662505,0.044412501,0.397787511,11.51729604,8.468021268,-3.049274772,24,0
01:10.4,-1.833000064,-9.295050621,0.022950001,-1.091062546,0.836137474,-0.0055,8.468021268,9.474090035,1.006068767,25,0
01:10.4,-2.185950041,-9.420000076,0.031950001,-1.128324986,1.002237439,0.020075001,9.474090035,9.670356758,0.196266723,25,0
01:10.5,-1.735050082,-9.585000038,0.364950031,-1.392325044,1.483212471,-0.195937499,9.670356758,9.747605503,0.077248745,25,0
01:10.6,-1.515000105,-9.07005024,0.043950003,-1.106050014,0.527587473,-0.487574995,9.747605503,9.19581254,-0.551792963,25,0
01:10.7,-0.982950032,-9.528000832,-0.154050007,-0.944212496,0.776600003,-0.356674999,9.19581254,9.579808037,0.383995497,25,0
01:10.8,-2.047049999,-10.78005028,0.990000069,-0.870787501,1.122412443,-0.403562486,9.579808037,11.01725909,1.437451052,25,0
01:10.8,-4.129950047,-14.47605038,7.857000351,-0.30043751,0.93513751,-0.27472499,11.01725909,16.98072367,5.963464583,25,1
01:10.9,-0.042000003,-12.82995033,-3.946950197,2.783687592,-0.118387498,0.444674999,16.98072367,13.42340513,-3.557318538,26,0
01:11.0,-2.193000078,-10.55700016,-0.666000009,2.387825012,-0.491975009,0.623425007,13.42340513,10.80291895,-2.620486189,26,0
01:11.1,0.532050014,-5.338950157,-1.276950002,1.618374944,-1.785025001,0.818262517,10.80291895,5.515257683,-5.287661263,26,0
01:11.2,1.150050044,-6.463950157,-1.080000043,0.632912517,-1.335812449,0.237187505,5.515257683,6.653695727,1.138438045,26,0
01:11.2,0.079050004,-7.639950275,4.762050152,-0.573925018,-0.649412513,0.248874992,6.653695727,9.002900131,2.349204403,26,0
01:11.3,-4.569000244,-11.78805065,9.100049973,-0.561137497,-0.163075,0.125400007,9.002900131,15.57706041,6.574160275,26,1
01:11.4,1.375050068,-14.68200111,4.810050011,-0.0045375,-0.764362514,0.201987505,15.57706041,15.51091553,-0.066144879,26,0
01:11.5,-2.899050236,-9.736050606,-3.073050261,-0.180124998,0.340312511,0.100924999,15.51091553,10.61314334,-4.897772187,27,0
01:11.6,-2.221050024,-10.08300018,-0.786000013,-1.119799972,1.427937508,-0.012925,10.61314334,10.35460052,-0.258542821,27,0
01:11.6,-0.619050026,-8.822999954,0.588,-1.402912498,1.087350011,-0.346087486,10.35460052,8.864214298,-1.490386221,27,0
01:11.7,-2.200050116,-9.084000587,-0.313950002,-1.191162467,0.878762484,-0.562099993,8.864214298,9.351890279,0.487675981,27,0
01:11.8,-1.627050042,-10.0900507,0.219000012,-1.044312477,0.720224977,-0.443987489,9.351890279,10.22273818,0.870847902,27,0
01:11.9,-2.566050053,-11.51805019,3.655950069,-0.833525002,0.768074989,-0.418412507,10.22273818,12.35378744,2.131049256,27,0
01:12.0,-4.228050232,-16.300951,6.681000233,0.562650025,0.62865001,-0.024612499,12.35378744,18.11720664,5.763419205,27,1
01:12.0,-1.599000096,-12.9090004,-4.180050373,3.172125101,-0.315287501,0.434087485,18.11720664,13.66279304,-4.454413601,27,0
01:12.1,-1.441050053,-9.954000473,-1.251000047,1.687537432,-1.074012518,1.07249999,13.66279304,10.13527265,-3.527520386,28,0
01:12.2,1.698000073,-4.867050171,-1.224000096,1.233099937,-1.223062515,0.757487476,10.13527265,5.298071144,-4.83720151,28,0
01:12.3,1.042050004,-5.839050293,-0.597000003,0.290262491,-1.427387476,0.091299996,5.298071144,5.961273818,0.663202674,28,0
01:12.3,-1.528950095,-10.74405098,6.985050201,-0.734525025,-0.287649989,0.067924999,5.961273818,12.90593841,6.944664588,28,0
01:12.4,-1.932000041,-11.43600082,4.405950069,-0.189750001,0.120037496,0.269087493,12.90593841,12.40673748,-0.499200922,28,0
01:12.5,2.140950203,-15.29205036,4.78605032,-0.230175003,-0.55687499,0.451000005,12.40673748,16.1659132,3.759175718,28,1
01:12.6,-2.758050203,-10.54305077,-1.873050094,-0.50682497,0.072049998,-0.161974996,16.1659132,11.05762529,-5.108287914,29,0
01:12.7,-2.434950113,-9.180000305,-0.30705002,-1.225124955,1.218250036,0.147812501,11.05762529,9.502403242,-1.555222047,29,0
01:12.7,-1.81005013,-9.693000793,0.142050013,-1.344337463,1.060675025,-0.393937498,9.502403242,9.861578173,0.359174931,29,0
01:12.8,-1.311000109,-8.842950821,-0.625050008,-1.103850007,0.371112496,-0.576950014,9.861578173,8.961427789,-0.900150384,29,0
01:12.9,-1.134000063,-9.777000427,-0.096000001,-1.09958744,0.673337519,-0.433262497,8.961427789,9.843013233,0.881585444,29,0
01:13.0,-3.268050194,-11.84805012,3.862050295,-0.829262495,1.116087437,-0.342787504,9.843013233,12.88300726,3.03999403,29,0
01:13.1,-3.001950026,-14.76105022,4.782000065,0.958512485,0.532949984,0.098862499,12.88300726,15.80404481,2.921037545,29,1
01:13.1,-2.995050192,-14.16705036,-4.210950375,3.199762583,-0.738787472,0.590425014,15.80404481,15.08004458,-0.724000224,30,0
01:13.2,-1.126950026,-8.773050308,-1.312950015,1.792862535,-0.879312515,0.981062472,15.08004458,8.942050426,-6.137994159,30,0
01:13.3,1.939950109,-4.527000427,-1.231050014,1.311887503,-1.446499944,0.581900001,8.942050426,5.076674446,-3.86537598,30,0
01:13.4,0.631950021,-6.193950176,0.559050024,0.165687501,-1.106050014,0.207350001,5.076674446,6.251153217,1.174478771,30,0
01:13.5,-2.041949987,-9.913050652,8.723999977,-0.565400004,-0.458974987,0.111649998,6.251153217,13.36212216,7.110968941,30,1
01:13.5,-0.622050047,-7.759950161,3.946050167,-0.129112497,0.069987498,0.327662498,13.36212216,8.727833906,-4.634288253,30,0
01:13.6,5.791050434,-2.500950098,-4.90500021,-0.611187518,-0.086487502,0.371250004,8.727833906,7.990622227,-0.737211678,31,0
01:13.7,-2.049000025,-9.664050102,-1.144950032,-0.953837514,0.611599982,-0.116187498,7.990622227,9.945007595,1.954385367,31,0
01:13.8,-2.286000013,-9.256950378,-0.688050032,-1.338012457,1.419412494,-0.041662499,9.945007595,9.559829455,-0.385178139,31,0
01:13.9,-1.720950127,-9.445950508,-0.288000017,-1.357125044,1.293737531,-0.409887493,9.559829455,9.605758395,0.04592894,31,0
01:13.9,-1.624950051,-8.73195076,-0.544050038,-1.116637468,0.566912472,-0.582312524,9.605758395,8.898506458,-0.707251937,31,0
01:14.0,-1.03395009,-10.43505096,0.328950018,-0.918637514,0.861712515,-0.432162493,8.898506458,10.49130829,1.592801827,31,0
01:14.1,-3.310950041,-11.8600502,5.989050388,-0.414287508,0.86817497,-0.280087501,10.49130829,13.69276837,3.20146008,31,1
01:14.2,1.509000063,-13.14600086,-1.168950081,1.971750021,0.2094125,0.283937484,13.69276837,13.28385728,-0.408911089,31,0
01:14.3,-2.808000088,-12.86400032,-1.393950105,2.519824982,-0.634562492,0.520299971,13.28385728,13.24048585,-0.043371423,32,0
01:14.3,0.268050015,-7.4010005,-0.810000062,1.610949993,-1.513599992,0.978862524,13.24048585,7.450017403,-5.79046845,32,0
01:14.4,1.725000024,-5.572950363,-1.363050103,0.97776252,-1.43591249,0.40535,7.450017403,5.990935354,-1.459082049,32,0
01:14.5,-0.025050001,-7.105950356,3.1650002,-0.232237503,-0.962362468,0.193462506,5.990935354,7.77897064,1.788035286,32,0
01:14.6,-3.655950069,-10.22400093,8.523000717,-0.403562486,-0.361074984,0.149875,7.77897064,13.80353966,6.02456902,32,1
01:14.7,-0.756000042,-7.738050461,3.052050114,-0.208862498,-0.178062499,0.387199998,13.80353966,8.352482918,-5.451056743,32,0
01:14.7,2.089050055,-3.142050266,-5.077950478,-0.875050008,0.101887502,0.174349993,8.352482918,6.326309434,-2.026173484,33,0
01:14.8,-1.014000058,-8.902050018,-0.991950035,-1.23695004,0.793649971,-0.028875001,6.326309434,9.014358298,2.688048863,33,0
01:14.9,-1.933950067,-9.346050262,-0.633000016,-1.432749987,1.457637548,-0.181087494,9.014358298,9.565014762,0.550656464,33,0
01:15.0,-1.687050104,-9.255000114,-0.625050008,-1.209174991,0.959612489,-0.51631248,9.565014762,9.428247594,-0.136767168,33,0
01:15.1,-0.990000069,-9.265950203,-0.826950014,-1.13478744,0.641437471,-0.428037494,9.428247594,9.355307564,-0.072940029,33,0
01:15.1,-1.939050078,-11.27400017,0.286050022,-0.876150012,0.93513751,-0.388574988,9.355307564,11.44311232,2.087804757,33,0
01:15.2,-5.09100008,-14.18295097,6.67800045,-0.062012501,0.871337473,-0.181087494,11.44311232,16.482417,5.039304678,33,1
01:15.3,0.24000001,-12.38700104,-2.017050028,2.537837505,0.016775001,0.537212491,16.482417,12.5524454,-3.929971599,33,0
01:15.4,-1.467000127,-11.60595036,-0.541950047,2.526149988,-0.715412498,0.72132498,12.5524454,11.71084467,-0.84160073,34,0
01:15.4,0.192000002,-7.257000446,-1.405950069,1.568325043,-1.691249967,1.00553751,11.71084467,7.394431356,-4.316413314,34,0
01:15.5,2.69505024,-5.479950428,-1.428000093,0.996874988,-1.616862535,0.424462497,7.394431356,6.271549789,-1.122881567,34,0
01:15.6,-0.625950038,-8.014050484,5.862000465,-0.533500016,-0.764362514,0.082912497,6.271549789,9.948862652,3.677312863,34,0
01:15.7,-2.887050152,-9.634950638,6.628050327,-0.2578125,-0.566500008,0.158399999,9.948862652,12.04567904,2.096816387,34,0
01:15.8,-0.436950028,-18.63600159,3.78000021,-0.498299986,0.146575004,0.407412499,12.04567904,19.02051214,6.974833101,34,1
01:15.8,-0.636000037,-9.937050819,-1.288950086,-0.398337483,-0.090750001,0.044550002,19.02051214,10.04046151,-8.980050629,35,0
01:15.9,-0.648000002,-9.652050018,-1.200000048,-1.103850007,0.721187472,-0.044824999,10.04046151,9.747921505,-0.292540006,35,0
01:16.0,-1.471950054,-9.183000565,0.031950001,-1.539175034,1.52047503,-0.224675,9.747921505,9.300277261,-0.447644244,35,0
01:16.1,-1.612950087,-8.883000374,-0.565950036,-1.234750032,0.604174972,-0.545050025,9.300277261,9.045971649,-0.254305613,35,0
01:16.2,-1.006950021,-9.604050636,-0.01695,-1.116637468,0.881924987,-0.38431251,9.045971649,9.65670877,0.610737122,35,0
01:16.2,-3.007050037,-11.73105049,2.572950125,-0.74098748,1.41088748,-0.289575011,9.65670877,12.38062874,2.723919966,35,0
01:16.3,-5.40405035,-16.12305069,6.373950481,0.514800012,0.649962485,0.109449998,12.38062874,18.15994957,5.779320836,35,1
01:16.4,-2.806050062,-12.37995052,-6.393000126,3.416874886,-0.765462518,0.536249995,18.15994957,14.21293575,-3.947013826,36,0
01:16.5,-2.595000029,-9.244950294,-1.119000077,2.070612431,-0.681312501,0.793787479,14.21293575,9.667227745,-4.545708001,36,0
01:16.6,0.853050053,-5.082000256,-1.156949997,1.21934998,-1.764675021,0.718162477,9.667227745,5.281378067,-4.385849678,36,0
01:16.6,1.440000057,-6.34005022,-0.718950033,0.265787512,-1.270912528,0.341412485,5.281378067,6.541156328,1.259778261,36,0
01:16.7,-1.678050041,-10.80900097,8.158950806,-0.727100015,-0.4472875,0.094599999,6.541156328,13.64620211,7.105045786,36,1
01:16.8,-2.775000095,-9.407999992,4.74600029,-0.161012501,-0.229075,0.197724998,13.64620211,10.89658699,-2.749615119,36,0
01:16.9,5.832000256,-7.030050278,-2.905050039,-0.617512524,-0.133375004,0.483999997,10.89658699,9.585048232,-1.311538762,37,0
01:17.0,-3.715950251,-10.05195045,-0.574950039,-0.999624968,0.37757501,-0.27472499,9.585048232,10.73222073,1.147172496,37,0
01:17.0,-2.15895009,-9.445950508,-0.592050016,-1.248637438,0.97240001,0.070124999,10.73222073,9.707603706,-1.024617022,37,0
01:17.1,-1.501050115,-9.111000061,-0.73605001,-1.423125029,1.015987515,-0.385412484,9.707603706,9.26311196,-0.444491747,37,0
01:17.2,-1.261050105,-8.869050026,-0.463050008,-1.274075031,0.523325026,-0.501462519,9.26311196,8.97021243,-0.29289953,37,0
01:17.3,-1.029000044,-9.931950569,-0.154050007,-1.013375044,0.973500013,-0.467362493,8.97021243,9.986301348,1.016088917,37,0
01:17.4,-2.620950222,-12.3940506,4.810050011,-0.55687499,0.841499984,-0.306625009,9.986301348,13.5505886,3.564287252,37,1
01:17.4,0.055050004,-13.73295021,3.067050219,1.555537462,0.402049989,0.26592499,13.5505886,14.07138049,0.520791895,37,0
01:17.5,-2.389050007,-13.64700031,-2.39805007,3.13706255,-1.245337486,0.509575009,14.07138049,14.0605413,-0.010839196,38,0
01:17.6,-0.343950003,-7.840950489,-1.615050077,1.641749978,-1.126262546,1.068237543,14.0605413,8.012939094,-6.047602204,38,0
01:17.7,1.903950095,-5.146950245,-1.360950112,1.212887526,-1.571074963,0.505312502,8.012939094,5.654052352,-2.358886743,38,0
01:17.8,-0.198000014,-6.663000107,1.645950079,0.040150002,-1.210274935,0.234025002,5.654052352,6.866143466,1.212091114,38,0
01:17.8,-2.053950071,-9.973050117,9.064050674,-0.398337483,-0.463237494,0.192499995,6.866143466,13.63222118,6.76607771,38,1
01:17.9,0.759000063,-4.464000225,2.602050066,-0.092812501,0.026262499,0.246675,13.63222118,5.222455711,-8.409765464,38,0
01:18.0,4.447950363,-1.008000016,-6.013950348,-0.980374992,0.375375003,0.26798749,5.222455711,7.547709934,2.325254224,38,0
01:18.1,-3.072000027,-9.868050575,-1.080000043,-1.064525008,0.969237506,0.01265,7.547709934,10.39143909,2.843729158,39,0
01:18.2,-1.627050042,-8.718000412,-0.666000009,-1.486925006,1.175624967,-0.113025002,10.39143909,8.893502068,-1.497937024,39,0
01:18.2,-1.833000064,-9.195000648,-0.477000028,-1.377337456,0.827612519,-0.585474968,8.893502068,9.388048529,0.494546461,39,0
01:18.3,-1.28700006,-9.501000404,-0.517949998,-1.164487481,0.747862518,-0.401362509,9.388048529,9.601752446,0.213703917,39,0
01:18.4,-1.423950076,-11.61405087,0.988050044,-1.035787463,1.244787455,-0.439725012,9.601752446,11.74265959,2.140907142,39,0
01:18.5,-4.000950336,-12.65295029,6.580050468,-0.245024994,0.603074968,-0.212987497,11.74265959,14.81221856,3.069558974,39,1
01:18.5,1.501950026,-13.6230011,-1.164000034,2.381362438,0.140249997,0.429825008,14.81221856,13.75488673,-1.057331834,39,0
01:18.6,-2.374950171,-11.33295059,-1.009050012,2.551724911,-0.657937467,0.810699999,13.75488673,11.62300905,-2.131877678,40,0
01:18.7,0.273000002,-7.498950481,-0.882000029,1.56309998,-1.445537448,1.030012488,11.62300905,7.555574854,-4.067434195,40,0
01:18.8,1.485000014,-5.827050209,-0.988950074,1.078824997,-1.906299949,0.37757501,7.555574854,6.094075929,-1.461498925,40,0
01:18.9,0.498000026,-5.308050156,1.627050042,-0.258912504,-0.569662511,0.261662513,6.094075929,5.574109106,-0.519966824,40,0
01:18.9,-4.051050186,-11.06295013,8.566050529,-0.905987501,-0.0407,0.063662499,5.574109106,14.56629997,8.992190869,40,1
01:19.0,0.055050004,-4.12005043,0.691050053,-0.1695375,-0.105599999,0.255199999,14.56629997,4.177965561,-10.38833441,40,0
01:19.1,2.481000185,-2.605950117,-6.285000324,-1.506175041,0.688324988,0.071087502,4.177965561,7.242069249,3.064103688,40,0
01:19.2,-3.05700016,-11.23995018,-0.964950025,-0.606925011,0.682962477,0.139287502,7.242069249,11.68815035,4.4460811,41,0
01:19.3,-2.323950052,-8.545949936,-1.027950048,-1.39122498,1.427937508,-0.221512496,11.68815035,8.915754901,-2.772395448,41,0
01:19.3,-1.242000103,-9.067950249,-0.385950029,-1.212474942,0.747862518,-0.646112502,8.915754901,9.160744696,0.244989795,41,0
01:19.4,-1.029000044,-9.789000511,-0.652050018,-1.082537532,0.811662495,-0.503525019,9.160744696,9.864509178,0.703764482,41,0
01:19.5,-2.443950176,-11.22300053,3.067050219,-1.017637491,0.691487491,-0.562099993,9.864509178,11.88845786,2.023948683,41,0
01:19.6,-5.674950123,-16.48694992,5.730000496,0.376475006,0.737275004,-0.02145,11.88845786,18.35367762,6.465219761,41,1
01:19.7,-0.391950011,-12.145051,-5.940000057,3.198662519,-0.066275001,0.671412468,18.35367762,13.52551254,-4.828165087,41,0
01:19.7,-1.524000049,-10.06605053,-0.676050007,1.692899942,-0.598399997,0.994812489,13.52551254,10.20318544,-3.3223271,42,0
01:19.8,1.123050094,-5.539950371,-1.03305006,1.500262499,-1.600912452,0.750062525,10.20318544,5.746258265,-4.45692717,42,0
01:19.9,1.822950125,-5.842050076,-0.83100003,0.696712494,-1.481699944,0.174349993,5.746258265,6.176022773,0.429764508,42,0
01:20.0,-0.138000011,-9.453000069,7.692000389,-0.630299985,-0.539825022,0.0584375,6.176022773,12.18790894,6.011886165,42,1
01:20.1,-2.562000036,-10.72005081,5.479050159,-0.262075007,-0.284487486,0.152074993,12.18790894,12.30866866,0.120759724,42,0
01:20.1,1.248000026,-10.40895081,-2.083950043,-0.336600006,0.414700001,0.520299971,12.30866866,10.68862052,-1.620048138,42,0
01:20.2,-1.849950075,-10.96695042,-1.521000028,-0.711149991,0.234850004,-0.086350001,10.68862052,11.2254068,0.536786274,42,0
01:20.3,-1.519950032,-9.949050903,-0.546000004,-1.446499944,1.354512453,-0.060775001,11.2254068,10.0792846,-1.146122202,43,0
01:20.4,-1.441050053,-9.154050827,-0.352050006,-1.419962525,1.459837437,-0.430099994,10.0792846,9.273468122,-0.805816475,43,0
01:20.5,-1.888950109,-8.593050003,-0.514950037,-1.183737516,1.19157505,-0.52373749,9.273468122,8.813274897,-0.460193225,43,0
01:20.5,-1.59405005,-9.862950325,-0.180000007,-0.958100021,0.9277125,-0.491837502,8.813274897,9.992556464,1.179281566,43,0
01:20.6,-3.99600029,-12.78195095,6.064950466,-0.604725003,0.831874967,-0.311987489,9.992556464,14.70135751,4.708801044,43,1
01:20.7,1.261950016,-12.19305038,-0.252000004,1.95359993,0.415800005,0.403149992,14.70135751,12.26077076,-2.440586752,43,0
01:20.8,-3.019050121,-12.74895096,-1.876050115,2.400612593,-0.701524973,0.532949984,12.26077076,13.23517957,0.974408813,43,0
01:20.9,-0.00405,-7.702950478,-1.318050027,1.697162509,-1.9765625,1.019287467,13.23517957,7.814903604,-5.420275964,44,0
01:20.9,1.417950034,-5.640000343,-1.957050085,1.116087437,-1.404974937,0.519199967,7.814903604,6.135978423,-1.678925181,44,0
01:21.0,0.501000047,-6.421050072,1.67505002,-0.0386375,-1.010212541,0.269087493,6.135978423,6.654823637,0.518845214,44,0
01:21.1,-3.201000214,-10.60095024,8.295000076,-0.694100022,-0.685575008,0.078649998,6.654823637,13.83595225,7.181128612,44,1
01:21.2,0.891000032,-13.95600033,1.78305006,-0.365337491,0.246675,0.525524974,13.83595225,14.09762724,0.261674988,44,0
01:21.2,-3.654000282,-8.103000641,-3.640950203,-0.123750001,-0.264137506,-0.101199999,14.09762724,9.605563795,-4.492063442,45,0
01:21.3,-1.531950116,-10.29600048,-0.963000059,-1.173012495,1.494899988,0.159500003,9.605563795,10.45379673,0.848232939,45,0
01:21.4,-1.860000134,-8.421000481,0.166050002,-1.48802495,1.514150023,-0.443987489,10.45379673,8.625567935,-1.8282288,45,0
01:21.5,-2.463000059,-8.910000801,-0.553950012,-1.160225034,0.881924987,-0.591799974,8.625567935,9.260742097,0.635174162,45,0
01:21.6,-0.700950027,-9.928050041,-0.369000018,-0.976112485,0.910662472,-0.486474991,9.260742097,9.959601878,0.698859782,45,0
01:21.6,-3.007050037,-11.63295078,3.723000288,-0.866524994,0.595650017,-0.507787526,9.959601878,12.57889602,2.619294138,45,0
01:21.7,-2.698050022,-15.31395054,4.642950058,0.758449972,0.560587525,0.033962499,12.57889602,16.22817119,3.649275177,45,1
01:21.8,-2.656950235,-12.43695068,-3.688950062,2.794275045,-0.403562486,0.633050025,16.22817119,13.24180801,-2.986363181,46,0
01:21.9,0.028950002,-9.589950562,-1.236000061,1.696062446,-1.434812546,0.974600017,13.24180801,9.66931673,-3.572491282,46,0
01:22.0,1.474950075,-5.854050159,-1.203000069,1.326737523,-1.437012434,0.60224998,9.66931673,6.155695749,-3.513620981,46,0
01:22.0,0.331050009,-5.985000134,0.504000008,0.346637487,-1.223062515,0.279675007,6.155695749,6.015300218,-0.140395531,46,0
01:22.1,-1.8910501,-9.55905056,7.873950481,-0.348287493,-0.589874983,0.149875,6.015300218,12.52799323,6.512693008,46,1
01:22.2,-0.598050058,-6.601050377,4.077000141,-0.146025002,-0.140799999,0.320237488,12.52799323,7.78161038,-4.746382846,46,0
01:22.3,3.544950247,-1.674000025,-6.831000328,-0.736724973,0.417999983,0.182874992,7.78161038,7.876008749,0.09439837,46,0
01:22.4,-1.704000115,-9.721950531,-1.591050029,-1.001687527,0.810699999,0.021175001,7.876008749,9.99756864,2.121559891,47,0
01:22.4,-2.562000036,-8.827950478,-0.453000009,-1.53271246,1.517312527,-0.203362495,9.99756864,9.203356063,-0.794212577,47,0
01:22.5,-1.105050087,-9.061050415,-0.091050006,-1.305012465,1.123512506,-0.543950021,9.203356063,9.128639571,-0.074716492,47,0
01:22.6,-1.495950103,-9.007950783,-0.963000059,-1.063424945,0.722287476,-0.497200012,9.128639571,9.18196129,0.053321719,47,0
01:22.7,-1.41900003,-11.10795021,0.406050026,-0.96016252,0.879862487,-0.424737483,9.18196129,11.20557877,2.023617481,47,0
01:22.8,-4.377000332,-13.0360508,6.901050091,-0.165274993,0.87023747,-0.255612493,11.20557877,15.3857481,4.18016933,47,1
01:22.8,0.691950023,-12.75405025,-3.361050129,2.369674921,0.268949986,0.447837502,15.3857481,13.20762093,-2.178127168,47,0
01:22.9,-2.523000002,-11.77395058,-0.142050013,2.435674906,-0.686675012,0.726687491,13.20762093,12.04207704,-1.165543894,48,0
01:23.0,0.271050006,-6.922050476,-1.224000096,1.626899958,-1.887050033,0.986424983,12.04207704,7.034658992,-5.007418046,48,0
01:23.1,1.336950064,-5.905950069,-2.082000017,0.934037507,-1.565712452,0.483999997,7.034658992,6.403312094,-0.631346899,48,0
01:23.2,0.199050009,-7.494000435,3.991050243,-0.384449989,-0.7910375,0.323399991,6.403312094,8.492829062,2.089516968,48,0
01:23.2,-4.501950264,-10.54500008,7.813950539,-0.385549992,-0.516449988,0.152074993,8.492829062,13.87524435,5.38241529,48,0
01:23.3,1.531050086,-18.25695038,5.047050476,-0.452512503,-0.02695,0.454299986,13.87524435,19.00350152,5.128257168,48,1
01:23.4,-2.878050089,-10.27695084,-3.106950045,0.0017875,-0.194012493,-0.061875001,19.00350152,11.11539605,-7.888105468,49,0
01:23.5,-1.158000112,-9.985050201,-1.183050036,-1.235849977,1.108662486,-0.062974997,11.11539605,10.12135362,-0.994042428,49,0
01:23.6,-1.95600009,-9.135000229,0.327000022,-1.605037451,1.443887472,-0.359837502,10.12135362,9.347785542,-0.773568081,49,0
01:23.6,-2.113950014,-8.907000542,-0.352050006,-1.212474942,0.811662495,-0.641849995,9.347785542,9.161188925,-0.186596617,49,0
01:23.7,-0.825000048,-9.264000893,-0.168000013,-1.135749936,0.776600003,-0.496100008,9.161188925,9.302180477,0.140991552,49,0
01:23.8,-2.434950113,-11.9110508,2.964000225,-0.821837485,0.946824968,-0.417312503,9.302180477,12.51348914,3.211308664,49,0
01:23.9,-5.008950233,-14.71005058,5.857050419,0.736175001,0.822387516,0.081812501,12.51348914,16.60663151,4.093142372,49,1
01:24.0,-2.454000235,-13.79805088,-4.062000275,3.400924921,-1.037850022,0.621362507,16.60663151,14.59137319,-2.015258326,50,0
01:24.0,-2.241000175,-10.0159502,-1.677000046,1.846074939,-0.0204875,0.675674975,14.59137319,10.39969564,-4.191677547,50,0
01:24.1,1.071000099,-4.91505003,-1.714950085,1.491737485,-1.542337537,0.809737504,10.39969564,5.314678899,-5.085016741,50,0
01:24.2,1.879950047,-5.200050354,-0.826950014,0.388162494,-1.437012434,0.313775003,5.314678899,5.590937505,0.276258606,50,0
01:24.3,-2.884950161,-12.76605034,11.2459507,-0.9453125,-0.301400006,0.0551375,5.590937505,17.25590872,11.66497122,50,1
01:24.3,-1.243950009,-6.74505043,4.317000389,-0.077962503,0.00825,0.42019999,17.25590872,8.104295731,-9.151612991,50,0
01:24.4,4.266000271,-1.00395,-5.656950474,-0.641987503,0.039049998,0.306349993,8.104295731,7.155959934,-0.948335797,50,0
01:24.5,-0.841950059,-9.337950706,-1.342050076,-1.013375044,0.454162508,-0.044824999,7.155959934,9.471393863,2.315433929,51,0
01:24.6,-2.69295001,-8.970000267,-0.633000016,-1.457224965,1.355474949,-0.167199999,9.471393863,9.386883059,-0.084510803,51,0
01:24.7,-1.84800005,-9.223050117,-0.192000002,-1.34117496,0.961812496,-0.543950021,9.386883059,9.408327251,0.021444191,51,0
01:24.7,-1.299000025,-9.028950691,-0.538950026,-1.212474942,0.744700015,-0.569525003,9.408327251,9.137823525,-0.270503725,51,0
01:24.8,-1.306950092,-11.2140007,1.249050021,-0.905849993,0.589325011,-0.520574987,9.137823525,11.35878762,2.220964097,51,0
01:24.9,-4.755000114,-13.78095055,7.320000172,-0.1035375,0.742500007,-0.238562495,11.35878762,16.31278721,4.953999588,51,1
01:25.0,0.879000068,-12.67695045,-4.471950054,2.797574997,0.048675001,0.554262519,16.31278721,13.47130473,-2.841482476,51,0
01:25.1,-1.975050092,-11.11305046,0.102000006,2.114337444,-0.400399983,0.796949983,13.47130473,11.28765332,-2.183651417,52,0
01:25.1,0.538950026,-6.6510005,-1.167000055,1.41088748,-1.856250048,0.999074996,11.28765332,6.7740803,-4.513573018,52,0
01:25.2,2.521950006,-5.236050129,-2.041050196,0.721187472,-1.709399939,0.354200006,6.7740803,6.159735278,-0.614345022,52,0
01:25.3,-0.981000066,-9.654000282,6.481950283,-0.713349998,-0.727100015,0.278712511,6.159735278,11.66952279,5.509787508,52,0
01:25.4,-3.99600029,-10.59600067,7.099950314,-0.242962494,-0.318450004,0.221237496,11.66952279,13.36609678,1.696573989,52,0
01:25.5,2.365950108,-21.46395111,7.42800045,-0.370562494,-0.115225002,0.623425007,13.36609678,22.83580758,9.469710806,52,1
01:25.5,-3.817050219,-11.43600082,-2.326050043,-0.116324998,-0.270599991,-0.244887501,22.83580758,12.27853802,-10.55726956,53,0
01:25.6,-0.406050026,-9.778950691,-1.315050006,-1.203950047,1.125712514,0.087174997,12.27853802,9.875328337,-2.403209688,53,0
01:25.7,-1.738050103,-9.202050209,0.370050013,-1.593349934,1.484312534,-0.391737491,9.875328337,9.372058644,-0.503269693,53,0
01:25.8,-1.872000098,-8.923950195,-0.01905,-1.249599934,0.624387503,-0.586574972,9.372058644,9.118203461,-0.253855183,53,0
01:25.9,-1.483950019,-9.451050758,0.051000003,-1.038949966,1.051187515,-0.471625,9.118203461,9.566978055,0.448774593,53,0
01:25.9,-2.02305007,-12.61500072,3.771000147,-0.631399989,0.985187471,-0.325737506,9.566978055,13.32108918,3.754111127,53,0
01:26.0,-1.491000056,-13.67100048,5.038050175,1.046924949,0.726549983,0.154137492,13.32108918,14.64586238,1.324773199,53,0
01:26.1,-3.508050203,-14.92605114,-5.193000317,3.587100029,-0.520712495,0.218074992,14.64586238,16.18828809,1.542425705,54,1
01:26.2,-2.583000183,-8.347050667,-2.191950083,1.57052505,-0.034375001,1.248224974,16.18828809,9.00831782,-7.179970266,54,0
01:26.3,1.34100008,-4.692000389,-1.678950071,1.212887526,-2.324574947,0.687362492,9.00831782,5.160622269,-3.84769555,54,0
01:26.3,1.459050059,-6.237000465,-0.544050038,0.101887502,-1.402912498,0.481937498,5.160622269,6.428451783,1.267829513,54,0
01:26.4,-1.896000147,-11.57505035,9.490050316,-0.929362476,-0.417450011,0.37015,6.428451783,15.0876659,8.659214115,54,1
01:26.5,-1.483950019,-8.80905056,3.570000172,-0.262075007,0.359425008,0.326562494,15.0876659,9.620102944,-5.467562954,54,0
01:26.6,3.319950104,-3.724050283,-4.125,-0.392975003,-0.0429,0.198825002,9.620102944,6.473503241,-3.146599703,54,0
01:26.7,-2.643000126,-8.361000061,-1.821000099,-1.18896246,1.172462463,-0.01925,6.473503241,8.955881478,2.482378237,55,0
01:26.7,-2.362950087,-9.184950829,-0.505950034,-1.455024958,1.124612451,-0.37152499,8.955881478,9.497517585,0.541636107,55,0
01:26.8,-1.489050031,-8.99805069,-0.610950053,-1.292225003,0.908599973,-0.569525003,9.497517585,9.140866817,-0.356650767,55,0
01:26.9,-0.808050036,-9.207000732,-0.931950033,-1.148537517,0.933075011,-0.440687507,9.140866817,9.289259293,0.148392475,55,0
01:27.0,-2.302950144,-11.55900097,1.536000013,-0.958100021,0.702075005,-0.554537475,9.289259293,11.88584784,2.596588544,55,0
01:27.0,-4.450950146,-14.16900063,7.941000462,-0.0418,0.727649987,-0.092675,11.88584784,16.84134865,4.95550081,55,1
01:27.1,1.0200001,-12.4260006,-5.796000481,2.911424875,-0.052387498,0.553300023,16.84134865,13.74916407,-3.092184579,55,0
01:27.2,-1.695000052,-11.41995049,-0.577950001,2.33461237,-0.628099978,0.775637507,13.74916407,11.55951212,-2.189651947,56,0
01:27.3,-0.163950011,-6.055050373,-1.476000071,1.492837548,-1.593349934,0.982162476,11.55951212,6.234508067,-5.325004054,56,0
01:27.4,3.190050125,-4.789950371,-1.954950094,0.78086251,-1.739237547,0.386099994,6.234508067,6.077982743,-0.156525324,56,0
01:27.4,-1.503000021,-10.60800076,8.355000496,-0.770824969,-0.534462512,0.173250005,6.077982743,13.58656404,7.508581295,56,0
01:27.5,-2.959050179,-11.90100098,6.597000122,-0.180124998,-0.30043751,0.260562509,13.58656404,13.92516473,0.338600693,56,0
01:27.6,-0.151950002,-19.35000038,7.500000477,-0.274862498,-0.123750001,0.434087485,13.92516473,20.75320724,6.828042507,56,1
01:27.7,-2.866050243,-9.736050606,-3.186000109,-0.213125005,-0.202537492,-0.126774997,20.75320724,10.63745844,-10.1157488,56,0
01:27.8,-1.383000016,-10.79205036,-0.697050035,-1.422024965,1.409787536,0.141350001,10.63745844,10.90261064,0.2651522,57,0
01:27.8,-1.410000086,-9.001049995,0.195000008,-1.483762503,1.320412517,-0.512049973,10.90261064,9.112904381,-1.78970626,57,0
01:27.9,-2.248050213,-8.755949974,-0.369000018,-1.212474942,0.881924987,-0.582312524,9.112904381,9.04746101,-0.065443372,57,0
01:28.0,-0.850950062,-9.709950447,-0.81705004,-0.9101125,0.978725016,-0.434362501,9.04746101,9.781350851,0.733889841,57,0
01:28.1,-3.132000208,-12.00900078,2.715000153,-0.806987524,0.741537511,-0.422674984,9.781350851,12.70420209,2.922851243,57,0
01:28.2,-3.691950083,-16.03995132,5.13105011,0.953287482,0.735074997,0.076449998,12.70420209,17.2405977,4.536395609,57,1
01:28.2,-2.688000202,-13.12695026,-4.540950298,3.347712517,-0.485512495,0.56704998,17.2405977,14.14787609,-3.09272161,58,0
01:28.3,-1.630050063,-9.36000061,-1.62195003,1.645050049,-0.882475019,1.103437543,14.14787609,9.638329551,-4.509546542,58,0
01:28.4,1.537950039,-4.777950287,-1.528050065,1.350250006,-1.760412455,0.690524995,9.638329551,5.24681201,-4.391517541,58,0
01:28.5,1.725000024,-5.623950481,-0.709050059,0.33495,-1.426287532,0.216975003,5.24681201,5.92513258,0.67832057,58,0
01:28.6,-1.905000091,-13.00500107,10.28100014,-0.854837477,-0.443987489,0.084974997,5.92513258,16.68706211,10.76192953,58,1
01:28.6,-0.588,-6.26295042,2.593050241,0.071087502,-0.166237503,0.309512496,16.68706211,6.803984239,-9.883077874,58,0
01:28.7,3.559050083,-5.980950356,-2.232000113,-1.010212541,0.172150001,0.249974996,6.803984239,7.308928044,0.504943805,58,0
01:28.8,-1.204050064,-10.62000084,-1.171050072,-0.712249994,0.558387518,0.0584375,7.308928044,10.7520004,3.443072358,59,0
01:28.9,-2.554050207,-8.857050896,-1.155000091,-1.460387468,1.275725007,-0.137500003,10.7520004,9.290024125,-1.461976278,59,0
01:29.0,-0.598050058,-9.223050117,-0.276000023,-1.468912482,0.88508749,-0.490737498,9.290024125,9.246539534,-0.043484591,59,0
01:29.0,-1.732950091,-8.863950729,-0.661050022,-1.227324963,0.947924972,-0.600324988,9.246539534,9.055922133,-0.190617401,59,0
01:29.1,-1.041000009,-10.79205036,0.316950023,-0.926199973,0.858550012,-0.509850025,9.055922133,10.84677322,1.790851089,59,0
01:29.2,-3.916950226,-12.45195103,6.666000366,-0.502562523,0.709500015,-0.351312488,10.84677322,14.65705101,3.810277788,59,1
01:29.3,1.164000034,-12.87795067,-3.340950251,2.054662466,0.145475,0.437249988,14.65705101,13.35509109,-1.301959919,59,0
01:29.4,-3.25605011,-12.64800072,-0.400050014,2.324987411,-0.806987524,0.765049994,13.35509109,13.06651539,-0.288575701,60,0
01:29.4,1.381950021,-6.71295023,-1.504050016,1.873849988,-2.064837456,1.04279995,13.06651539,7.016812175,-6.049703217,60,0
01:29.5,1.851000071,-5.323950291,-2.059950113,1.048025012,-1.277374983,0.536249995,7.016812175,6.001170088,-1.015642087,60,0
01:29.6,-0.387000024,-7.056000233,3.787950277,-0.215187505,-1.04005003,0.280775011,6.001170088,8.017822373,2.016652285,60,0
01:29.7,-3.994050264,-10.48800087,7.708050251,-0.273762494,-0.4472875,0.211612493,8.017822373,13.61486829,5.597045912,60,0
01:29.8,-0.430050015,-17.68995094,4.156050205,-0.321612507,-0.212025002,0.387199998,13.61486829,18.17669004,4.561821751,60,1
01:29.8,-3.262950182,-7.666950226,-3.367950201,0.106150001,-0.082225002,-0.055550002,18.17669004,8.987327646,-9.189362391,60,0
01:29.9,-0.76305002,-9.942000389,-1.204950094,-1.226225019,1.441687465,-0.010862499,8.987327646,10.04378025,1.056452609,61,0
01:30.0,-2.269050121,-9.484050751,0.265050024,-1.598712444,1.544950008,-0.331099987,10.04378025,9.755309252,-0.288471002,61,0
01:30.1,-1.386000037,-8.719950676,-0.463050008,-1.158162475,0.873399973,-0.648312509,9.755309252,8.841546878,-0.913762374,61,0
01:30.1,-1.180050015,-9.858000755,-0.574950039,-1.071949959,0.817025006,-0.503525019,8.841546878,9.94501204,1.103465162,61,0
01:30.2,-2.866050243,-11.80305099,2.248050213,-0.892099977,0.87766248,-0.486474991,9.94501204,12.35232717,2.407315131,61,0
01:30.3,-4.576050282,-15.65205097,6.391050339,0.602112472,1.057512522,-0.061875001,12.35232717,17.51492107,5.162593903,61,1
01:30.4,-0.583050013,-13.76400089,-4.291950226,2.909224987,-0.0418,0.544775009,17.51492107,14.42943189,-3.085489186,61,0
01:30.5,-0.583050013,-10.39005089,-1.264950037,1.954699993,-1.390125036,0.898012519,14.42943189,10.48299592,-3.946435973,62,0
01:30.5,1.168950081,-5.451000214,-1.420950055,1.508787513,-1.03262496,0.842737496,10.48299592,5.753168404,-4.729827512,62,0
01:30.6,1.248000026,-5.554050446,-1.106999993,0.578599989,-1.651924968,0.2138125,5.753168404,5.79917489,0.046006486,62,0
01:30.7,-1.43295002,-10.25805092,8.857950211,-0.687775016,-0.45471251,0.210512504,5.79917489,13.62880172,7.829626831,62,0
01:30.8,-2.180999994,-8.782950401,4.256999969,0.013612499,-0.0386375,0.356400013,13.62880172,10.00095133,-3.627850393,62,0
01:30.9,3.229050159,-18.89700127,7.741950512,-0.871887505,-0.213125005,0.392562509,10.00095133,20.6751353,10.67418397,62,1
01:30.9,-2.854050159,-10.29405022,-2.485950232,-0.243925005,-0.306762487,-0.164037496,20.6751353,10.9678175,-9.707317796,63,0
01:31.0,-1.422000051,-9.589950562,-0.769050062,-1.393287539,1.677912474,0.097762503,10.9678175,9.725259581,-1.24255792,63,0
01:31.1,-0.745950043,-9.220950127,0.37500003,-1.371974945,0.820187509,-0.593999982,9.725259581,9.258670948,-0.466588633,63,0
01:31.2,-2.497050047,-8.74695015,-0.568050027,-1.149637461,0.580799997,-0.452374995,9.258670948,9.114114147,-0.144556801,63,0
01:31.3,-0.118950009,-9.693000793,-0.352050006,-1.015575051,0.889349997,-0.416212499,9.114114147,9.700121272,0.586007125,63,0
01:31.3,-3.583950281,-12.41805077,3.088050127,-0.69836247,0.968137503,-0.418412507,9.700121272,13.28866954,3.588548264,63,0
01:31.4,-1.654050112,-13.84800053,3.856950283,1.4257375,0.68612498,0.270187497,13.28866954,14.46993662,1.181267086,63,1
01:31.5,-2.988000154,-13.60605049,-1.678950071,2.918849945,-0.485512495,0.451137483,14.46993662,14.03109505,-0.438841574,63,0
01:31.6,-0.070950001,-7.99695015,-1.071000099,1.706650019,-1.24643755,1.15981245,14.03109505,8.068660782,-5.962434266,64,0
01:31.7,1.909050107,-5.18805027,-1.909050107,1.261837482,-1.680662513,0.535149992,8.068660782,5.848487858,-2.220172923,64,0
01:31.7,0.418950021,-5.985000134,0.957000017,0.081675,-1.445537448,0.205287501,5.848487858,6.075491318,0.22700346,64,0
01:31.8,-1.752000093,-9.74505043,8.629950523,-0.627137482,-0.30992499,0.182874992,6.075491318,13.13436554,7.058874227,64,1
01:31.9,-0.504000008,-5.836950302,3.547950268,-0.138599992,0.153999999,0.358462512,13.13436554,6.849230317,-6.285135227,64,0
01:32.0,5.113050461,-1.813050032,-5.46600008,-0.912312508,0.300850004,0.314875007,6.849230317,7.701142273,0.851911956,64,0
01:32.1,-3.601050138,-10.77105045,-1.291050076,-0.791999996,0.779762506,-0.047987498,7.701142273,11.43021873,3.729076459,64,0
01:32.1,-2.334000111,-8.818950653,-0.745050013,-1.365649939,1.485412478,0.053075001,11.43021873,9.152952893,-2.277265839,65,0
01:32.2,-1.491000056,-9.367050171,0.079950005,-1.38586247,1.071400046,-0.502425015,9.152952893,9.485309804,0.332356911,65,0
01:32.3,-1.054949999,-9.147000313,-0.063000001,-1.174112439,0.433950007,-0.426937491,9.485309804,9.207850087,-0.277459717,65,0
01:32.4,-1.228050113,-10.78695011,-0.096000001,-1.000587463,1.313949943,-0.404525012,9.207850087,10.85705373,1.649203647,65,0
01:32.5,-3.187050104,-12.24105072,5.205000401,-0.530200005,1.118149996,-0.343887508,10.85705373,13.67818118,2.821127441,65,1
01:32.5,-0.520950019,-13.06500053,-1.375050068,1.666224957,0.505174994,0.338250011,13.67818118,13.14748609,-0.530695082,65,0
01:32.6,-2.971050024,-12.50895023,-0.855000019,2.64646244,-1.33911252,0.519199967,13.14748609,12.88534048,-0.262145616,66,0
01:32.7,0.115050003,-8.107049942,-1.054050088,1.816375017,-1.540137529,0.794749975,12.88534048,8.17609423,-4.709246248,66,0
01:32.8,1.441950083,-5.482050419,-2.101050138,1.344887495,-1.082537532,0.363824993,8.17609423,6.045370834,-2.130723396,66,0
01:32.9,-0.532950044,-7.057950497,3.619950056,-0.063112497,-0.840950012,0.159500003,6.045370834,7.950015055,1.904644221,66,0
01:32.9,-3.742050171,-9.451050758,7.806000233,-0.316387504,-0.588774979,0.0221375,7.950015055,12.81635438,4.866339324,66,1
01:33.0,2.080950022,-13.53900051,1.242000103,-0.540925026,-0.0066,0.637312472,12.81635438,13.75417944,0.937825062,66,0
01:33.1,0.637050033,-5.056050301,-4.302000046,-0.297137499,-0.135437503,-0.078924999,13.75417944,6.669084029,-7.085095412,66,0
01:33.2,-0.966000021,-9.328950882,-0.918000042,-1.323024988,1.044724941,-0.069299996,6.669084029,9.423651345,2.754567317,67,0
01:33.2,-2.089950085,-8.850000381,-0.288000017,-1.510437489,1.084187508,-0.311987489,9.423651345,9.097985608,-0.325665737,67,0
01:33.3,-1.065000057,-9.075000763,-0.199050009,-1.195425034,0.505174994,-0.579012513,9.097985608,9.139446639,0.041461032,67,0
01:33.4,-1.548000097,-9.528000832,-0.490950018,-1.062325001,0.814962506,-0.401362509,9.139446639,9.665409255,0.525962616,67,0
01:33.5,-2.362950087,-11.59200096,3.373050213,-0.871887505,1.083087444,-0.353512496,9.665409255,12.30184893,2.636439677,67,0
01:33.6,-5.778000355,-16.1400013,6.847950459,0.503112495,0.742500007,-0.122512497,12.30184893,18.46021006,6.158361128,67,1
01:33.6,-1.711050034,-13.48200035,-5.338950157,3.222174883,-0.730262518,0.6191625,18.46021006,14.60124702,-3.858963042,67,0
01:33.7,-2.595000029,-9.922950745,-1.342050076,1.925962448,-0.733562469,1.024649978,14.60124702,10.34408406,-4.257162958,68,0
01:33.8,0.607950032,-4.951050282,-1.512000084,1.391637444,-1.791350007,0.96085,10.34408406,5.212355167,-5.131728893,68,0
01:33.9,1.825050116,-5.944950104,-1.501950026,0.325325012,-1.679562449,0.341412485,5.212355167,6.397584977,1.18522981,68,0
01:34.0,-1.270950079,-11.58195019,9.612000465,-0.764362514,-0.606925011,0.307449996,6.397584977,15.10455022,8.706965238,68,1
01:34.0,-2.140050173,-8.992950439,4.234950066,-0.266337484,0.215737492,0.408512503,15.10455022,10.16797789,-4.936572323,68,0
01:34.1,4.195950031,-6.997950554,-2.014950037,-0.806987524,0.37757501,0.234987497,10.16797789,8.404601851,-1.763376041,68,0
01:34.2,-1.647000074,-9.892050743,-2.046000004,-0.731362522,0.393525004,-0.087449998,8.404601851,10.23481281,1.830210955,68,0
01:34.3,-1.515000105,-8.955000877,-0.712050021,-1.719025016,1.166137457,-0.248050004,10.23481281,9.110119717,-1.124693088,68,0
01:34.4,-1.311000109,-8.974050522,-0.064950004,-1.467812538,0.880824983,-0.549312472,9.110119717,9.069538167,-0.040581551,69,0
01:34.4,-1.093050003,-9.634950638,-0.38805002,-1.115537524,1.020249963,-0.430099994,9.069538167,9.704515182,0.634977015,69,0
01:34.5,-1.069050074,-11.39295101,0.672000051,-0.954937518,0.708537519,-0.385412484,9.704515182,11.46271281,1.758197624,69,0
01:34.6,-4.509000301,-12.97200108,3.280050039,-0.251487494,0.947924972,-0.2226125,11.46271281,14.11958299,2.656870186,69,1
01:34.7,0.07395,-12.36795044,-1.809000134,1.981237531,0.369049996,0.402187496,14.11958299,12.49976592,-1.619817068,69,0
01:34.8,-1.491000056,-12.14805031,-1.654950023,2.686887503,-0.462137491,0.336187512,12.49976592,12.35058974,-0.14917618,69,0
01:34.8,-0.940050066,-8.023050308,-0.889050066,1.465199947,-1.659350038,0.932112515,12.35058974,8.126711536,-4.223878208,69,0
01:34.9,1.650000095,-5.983050346,-1.384950042,1.086249948,-1.010212541,0.512737513,8.126711536,6.359046971,-1.767664565,70,0
01:35.0,0.72300005,-6.241950512,1.468950033,-0.0034375,-1.365649939,0.340449989,6.359046971,6.453099214,0.094052243,70,0
01:35.1,-1.905000091,-10.09995079,8.994000435,-0.472725004,-0.436562508,0.087174997,6.453099214,13.65760137,7.204502154,70,1
01:35.2,-0.49695003,-7.060950279,4.731000423,-0.223712504,0.300850004,0.322299987,13.65760137,8.513891189,-5.143710179,70,0
01:35.2,2.461950064,-1.555050015,-5.93805027,-0.474925011,-0.0364375,0.076449998,8.513891189,6.613608673,-1.900282517,70,0
01:35.3,-1.714050055,-9.517950058,-2.197050095,-1.075112462,1.237362504,0.1233375,6.613608673,9.917478007,3.303869334,70,0
01:35.4,-3.217950106,-9.175050735,-0.534000039,-1.609300017,1.661000013,-0.260837495,9.917478007,9.737654488,-0.179823519,71,0
01:35.5,-1.612950087,-8.953050613,-0.094050005,-1.266649961,0.848924994,-0.495000005,9.737654488,9.09766831,-0.639986178,71,0
01:35.6,-0.519000053,-9.280950546,-0.568050027,-1.098487496,0.934037507,-0.443987489,9.09766831,9.312791468,0.215123159,71,0
01:35.6,-2.977950096,-10.83000088,1.498050094,-0.89526248,0.895812511,-0.513149977,9.312791468,11.33142797,2.018636503,71,0
01:35.7,-4.67895031,-13.87905025,6.907950401,-0.058849998,0.913824975,-0.171462506,11.33142797,16.19383805,4.862410077,71,1
01:35.8,0.462000012,-12.85695076,-5.668950081,2.769799948,0.136950001,0.413874984,16.19383805,14.05886275,-2.134975296,71,0
01:35.9,-2.092050076,-10.86600018,-0.834000051,2.097287416,-0.633462489,0.832012475,14.05886275,11.09694505,-2.961917703,72,0
01:36.0,0.525000036,-5.776950359,-0.907950044,1.510849953,-1.694550037,0.923587501,11.09694505,5.871384315,-5.225560734,72,0
01:36.0,1.653000116,-6.184050083,-1.762950063,0.954249978,-1.639137506,0.31803751,5.871384315,6.639493786,0.768109471,72,0
01:36.1,-0.556950033,-8.05905056,5.529000282,-0.321612507,-0.839987516,0.242550001,6.639493786,9.789194726,3.14970094,72,0
01:36.2,-4.363049984,-11.58000088,7.545000553,-0.311024994,-0.356812507,0.169125006,9.789194726,14.49343503,4.704240299,72,0
01:36.3,-0.625950038,-19.21095085,5.55300045,-0.151387498,-0.30992499,0.474512488,14.49343503,20.0072052,5.513770179,72,1
01:36.3,-4.494000435,-10.59795094,-3.909000158,-0.010862499,-0.194012493,0.01155,20.0072052,12.15700975,-7.850195449,72,0
01:36.4,-1.350000024,-10.40400028,-0.943950057,-1.439074993,1.277787447,-0.065037496,12.15700975,10.53360165,-1.623408108,72,0
01:36.5,-1.002000093,-9.556050301,0.328950018,-1.608337522,0.961812496,-0.444949985,10.53360165,9.614068319,-0.919533327,72,0
01:36.6,-2.041949987,-9.061050415,-0.610950053,-1.191162467,0.805337489,-0.66316247,9.614068319,9.308354008,-0.305714311,72,0
01:36.7,-0.95205003,-10.0570507,-0.32100001,-1.158162475,0.78292501,-0.427899987,9.308354008,10.10711181,0.798757802,72,0
01:36.7,-3.594000101,-11.6209507,2.983050108,-1.007050037,0.942562521,-0.484412491,10.10711181,12.52445288,2.417341065,72,0
01:36.8,-4.432050228,-16.50405121,4.972950459,0.642537475,0.856350005,0.054175001,12.52445288,17.79766872,5.273215843,72,1
01:36.9,-0.235950008,-13.36905098,-4.639050007,2.933700085,0.134887502,0.668112516,17.79766872,14.15302022,-3.644648493,72,0
01:37.0,-0.80400002,-9.55095005,-1.321950078,1.825862527,-0.788837492,1.122550011,14.15302022,9.675464583,-4.477555641,73,0
01:37.1,0.726000011,-5.391000271,-1.464000106,1.468362451,-1.40071249,0.739475012,9.675464583,5.633227871,-4.042236712,73,0
01:37.1,1.633950114,-5.691000462,-1.24605,0.638274968,-1.748724937,0.228662506,5.633227871,6.050613178,0.417385307,73,0
01:37.2,-1.738050103,-10.58100033,8.961000443,-0.716512501,-0.439725012,0.224399999,6.050613178,13.97418746,7.923574277,73,1
01:37.3,-0.922950029,-9.208950043,5.36400032,-0.0215875,-0.593037486,0.305249989,13.97418746,10.69715369,-3.277033764,73,0
01:37.4,6.064050198,-7.111050129,-3.708000183,-0.652575016,-0.338662505,0.502149999,10.69715369,10.05430277,-0.642850926,73,0
01:37.5,-1.825950146,-11.1420002,-1.43295002,-0.64418751,0.3944875,-0.0160875,10.05430277,11.38119537,1.326892608,74,0
01:37.5,-1.981950045,-9.429000854,-1.08795011,-1.419962525,0.957549989,-0.0171875,11.38119537,9.696278592,-1.684916781,74,0
01:37.6,-0.574050009,-8.806950569,-0.277950019,-1.594449997,1.105499983,-0.455675006,9.696278592,8.830015173,-0.866263419,74,0
01:37.7,-1.957950115,-9.171000481,-0.640050054,-1.263487458,0.953287482,-0.483312488,8.830015173,9.399493739,0.569478566,74,0
01:37.8,-1.618050098,-10.16205025,-0.027000001,-1.03262496,1.089412451,-0.431199998,9.399493739,10.29009623,0.890602488,74,0
01:37.9,-2.827050209,-12.30300045,4.849050045,-0.55893749,0.786225021,-0.237462506,10.29009623,13.5229183,3.232822072,74,1
01:37.9,-1.302000046,-14.26695061,2.632950068,1.398100019,0.497749984,0.132825002,13.5229183,14.56617691,1.043258613,74,0
01:38.0,-2.068050146,-14.93295097,-2.094000101,3.189174891,-1.066587448,0.702212512,14.56617691,15.22020672,0.654029809,75,0
01:38.1,-0.877950013,-8.356050491,-1.411050081,1.803587437,-0.591937482,1.036337495,15.22020672,8.51970882,-6.700497901,75,0
01:38.2,1.174050093,-4.714050293,-1.612050056,1.346949935,-1.419962525,0.564987481,8.51970882,5.118531935,-3.401176885,75,0
01:38.3,0.136950001,-6.20595026,1.536000013,-0.102437496,-1.318762541,0.218074992,5.118531935,6.394675127,1.276143192,75,0
01:38.3,-2.58795023,-10.52595043,9.43005085,-0.600462496,-0.687775016,0.225500003,6.394675127,14.36728847,7.972613341,75,1
01:38.4,0.103050008,-4.435950279,0.527999997,-0.123750001,0.178474993,0.40535,14.36728847,4.46845143,-9.898837038,75,0
01:38.5,5.662050247,-1.710000038,-5.950050354,-1.184700012,0.088,0.398887485,4.46845143,8.3896372,3.92118577,75,0
01:38.6,-2.213999987,-9.571050644,-1.413000107,-0.90268749,0.544637501,-0.0352,8.3896372,9.924886683,1.535249483,75,0
01:38.7,-1.989000082,-8.340000153,-0.853050053,-1.513599992,1.105499983,-0.304562509,9.924886683,8.616229933,-1.30865675,76,0
01:38.7,-2.07494998,-9.061050415,-0.412050009,-1.433712482,0.950124979,-0.474787503,8.616229933,9.304721235,0.688491301,76,0
01:38.8,-0.147,-9.043950081,-1.162050009,-1.169849992,0.727649987,-0.553574979,9.304721235,9.11948476,-0.185236475,76,0
01:38.9,-1.920000076,-11.19405079,1.558050036,-1.084737539,0.73081249,-0.581212521,9.11948476,11.46388648,2.344401722,76,0
01:39.0,-4.834050179,-13.52505112,7.426050186,-0.155650005,0.900075018,-0.194837496,11.46388648,16.16914562,4.705259142,76,1
01:39.0,1.032000065,-12.25995064,-6.378000259,2.79331255,0.304149985,0.57447499,16.16914562,13.85822143,-2.310924198,76,0
01:39.1,-1.062000036,-11.20395088,-0.460050017,2.147337437,-0.709087491,0.817162514,13.85822143,11.26356984,-2.594651589,76,0
01:39.2,1.336950064,-6.25605011,-0.937050045,1.427937508,-1.377337456,0.874637485,11.26356984,6.465575089,-4.797994747,77,0
01:39.3,0.973050058,-5.50605011,-1.605000019,0.988349974,-1.525287509,0.460624993,6.465575089,5.817167635,-0.648407455,77,0
01:39.4,-0.874950051,-7.71900034,4.00605011,-0.305662513,-0.876150012,0.275550008,5.817167635,8.740534384,2.923366749,77,0
01:39.4,-3.916950226,-12.02295017,9.670050621,-0.40259999,-0.610087514,0.26798749,8.740534384,15.91865914,7.17812476,77,1
01:39.5,0.25395,-15.9079504,2.164050102,-0.130074993,-0.371662498,0.506412506,15.91865914,16.05647811,0.13781897,77,0
01:39.6,-1.560000062,-8.80395031,-2.74695015,0.042350002,-0.0077,-0.027775001,16.05647811,9.353548865,-6.702929249,77,0
01:39.7,-1.459950089,-9.832050323,-1.353000045,-1.305012465,1.206562519,-0.0342375,9.353548865,10.03151419,0.677965325,77,0
01:39.8,-1.762050033,-9.223050117,0.219000012,-1.650825024,1.552374959,-0.32477501,10.03151419,9.392413683,-0.639100507,77,0
01:39.8,-2.677050114,-9.015000343,-0.148950011,-1.242174983,1.244787455,-0.578050017,9.392413683,9.40526526,0.012851577,77,0
01:39.9,-0.17400001,-9.622950554,-0.565950036,-1.000587463,0.904337466,-0.347050011,9.40526526,9.641148936,0.235883676,77,0
01:40.0,-3.345000267,-12.05205059,2.797950029,-0.942149997,0.949024975,-0.514112473,9.641148936,12.81676537,3.175616435,77,0
01:40.1,-4.957050323,-16.99995041,5.376000404,0.661650002,0.851125002,0.081812501,12.81676537,18.50600017,5.689234795,77,1
01:40.2,-1.543950081,-13.85100079,-4.912050247,3.296700001,-0.581349969,0.765049994,18.50600017,14.77708504,-3.728915127,77,0
01:40.2,-1.174950004,-9.757050514,-0.870000064,2.012175083,-0.64418751,1.050225019,14.77708504,9.865973969,-4.91111107,78,0
01:40.3,1.030050039,-4.411950111,-1.404000044,1.814312458,-1.733462453,0.664812505,9.865973969,4.743155383,-5.122818586,78,0
01:40.4,0.517050028,-4.576950073,-0.670950055,0.685162485,-1.514150023,0.088,4.743155383,4.654673638,-0.088481745,78,0
01:40.5,-0.946950018,-9.388950348,9.163949966,-0.674849987,0.081124999,0.039049998,4.654673638,13.1539759,8.499302261,78,1
01:40.6,-2.374950171,-7.168050289,5.352000237,-0.356674999,0.31735,0.237049997,13.1539759,9.255551836,-3.898424063,78,0
01:40.6,4.930950165,-5.146950245,-2.84100008,-0.931424975,-0.041387498,0.317900002,9.255551836,7.673112003,-1.582439833,78,0
01:40.7,-1.671000123,-9.283050537,-1.926000118,-0.951637506,0.470524997,-0.051287498,7.673112003,9.626876188,1.953764185,79,0
01:40.8,-1.105050087,-9.658950806,-0.04095,-1.361250043,0.808912516,-0.106700003,9.626876188,9.722044192,0.095168003,79,0
01:40.9,-2.202000141,-8.470950127,-0.058050003,-1.524187446,1.401674986,-0.482349992,9.722044192,8.752666478,-0.969377714,79,0
01:41.0,-1.636950135,-8.821050644,-0.738000035,-1.277237535,0.504625022,-0.550412476,8.752666478,9.001954469,0.249287991,79,0
01:41.0,-1.24695003,-10.82805061,-0.012,-1.137812495,0.7206375,-0.569662511,9.001954469,10.89961965,1.897665179,79,0
01:41.1,-4.087049961,-12.92400074,6.055950165,-0.603625,0.7558375,-0.311024994,10.89961965,14.84615455,3.946534902,79,1
01:41.2,1.549950123,-13.43595028,1.347000122,1.778149962,0.386512488,0.409474999,14.84615455,13.59196508,-1.254189474,79,0
01:41.3,-2.482950211,-14.61705112,-1.198050022,3.009325027,-0.821425021,0.487162501,13.59196508,14.87476216,1.28279708,80,0
01:41.4,-0.187950015,-7.791000366,-1.351050019,1.689737439,-0.922487497,1.034137487,14.87476216,7.909509977,-6.965252179,80,0
01:41.4,1.48695004,-4.486050129,-2.026050091,1.209862471,-1.685474992,0.340312511,7.909509977,5.142037062,-2.767472914,80,0
01:41.5,0.085950002,-6.936000347,2.455950022,-0.284350008,-1.129974961,0.224262506,5.142037062,7.358476658,2.216439596,80,0
01:41.6,-3.217950106,-10.74900055,7.936050415,-0.71321249,-0.539412498,0.314737499,7.358476658,13.74325696,6.384780302,80,0
01:41.7,-0.487050027,-18.13305092,4.717050076,-0.137500003,0.286412507,0.523325026,13.74325696,18.74287371,4.999616746,80,1
01:41.8,-1.134000063,-9.151950836,-2.901000023,-0.045924999,-0.289299995,-0.026812499,18.74287371,9.667469234,-9.075404472,80,0
01:41.8,-0.897000015,-9.81000042,-1.296000004,-1.422024965,1.005812526,0.042350002,9.667469234,9.93581065,0.268341416,81,0
01:41.9,-2.001000166,-8.986050606,0.223950014,-1.577399969,1.2538625,-0.430237502,9.93581065,9.208868593,-0.726942057,81,0
01:42.0,-1.816950083,-8.822999954,0.205050007,-1.230350018,0.730262518,-0.552612484,9.208868593,9.010476197,-0.198392396,81,0
01:42.1,-1.081050038,-9.652050018,-0.786000013,-1.02176249,0.820737481,-0.467500001,9.010476197,9.744153876,0.733677679,81,0
01:42.1,-3.289950132,-12.7680006,4.494000435,-0.946274996,0.939812481,-0.41951251,9.744153876,13.92988339,4.185729511,81,0
01:42.2,-1.888950109,-14.90700054,4.027050018,1.127912521,0.623837471,0.164725006,13.92988339,15.55647549,1.626592098,81,1
01:42.3,-3.498000145,-13.8940506,-2.704050064,3.212687492,-0.548900008,0.599912524,15.55647549,14.58055327,-0.975922211,81,0
01:42.4,-0.928050041,-8.275050163,-1.914000034,1.686574936,-0.794749975,1.149087548,14.58055327,8.544069769,-6.036483506,82,0
01:42.5,1.34100008,-4.896000385,-1.624050021,1.317250013,-1.596099973,0.547800004,8.544069769,5.329787938,-3.214281831,82,0
01:42.5,0.271050006,-6.009000301,0.231000006,0.155237496,-1.381187439,0.239250004,5.329787938,6.019544313,0.689756375,82,0
01:42.6,-2.2120502,-10.45005035,9.895050049,-0.801487505,-0.546837509,0.278575003,6.019544313,14.5605197,8.540975388,82,1
01:42.7,-0.643050015,-6.415950298,3.558000088,-0.174762502,0.218349993,0.388162494,14.5605197,7.364597489,-7.195922212,82,0
01:42.8,4.867050171,-3.352950096,-4.085999966,-0.565262496,-0.292462498,0.1519375,7.364597489,7.185112903,-0.179484586,82,0
01:42.9,-0.943050027,-9.310050011,-1.777050138,-1.127225041,0.543950021,-0.077962503,7.185112903,9.524929488,2.339816584,82,0
01:42.9,-3.496050119,-8.457000732,-0.645000041,-1.578362465,1.925274968,-0.143962502,9.524929488,9.173835233,-0.351094255,83,0
01:43.0,-1.672950029,-9.171000481,-0.271050006,-1.277237535,1.252762437,-0.511087477,9.173835233,9.326278986,0.152443753,83,0
01:43.1,0.010050001,-9.336000443,-0.562950015,-1.093124986,1.032487512,-0.448249996,9.326278986,9.352963059,0.026684073,83,0
01:43.2,-2.562000036,-10.71795082,0.643050015,-0.81537497,1.148399949,-0.468462497,9.352963059,11.03865152,1.685688458,83,0
01:43.3,-5.016000271,-12.96705055,7.34400034,-0.388574988,0.783474982,-0.2578125,11.03865152,15.7238354,4.685183885,83,1
01:43.3,1.642950058,-13.2469511,-3.280950069,2.374074936,0.064075001,0.538174987,15.7238354,13.74574959,-1.978085812,83,0
01:43.4,-2.061000109,-12.56700039,-0.573000014,2.568774939,-0.86075002,0.676637471,13.74574959,12.74776644,-0.997983148,84,0
01:43.5,0.289950013,-6.927000523,-1.284000039,1.578087449,-1.413087487,0.911762476,12.74776644,7.050961874,-5.696804567,84,0
01:43.6,1.435050011,-5.133000374,-2.319000006,1.087487459,-1.84937501,0.362587512,7.050961874,5.812471281,-1.238490593,84,0
01:43.7,-0.190050006,-8.452050209,5.208000183,-0.447149992,-1.009799957,0.256162494,5.812471281,9.929578926,4.117107645,84,0
01:43.7,-2.122950077,-10.3560009,7.521000385,-0.219449997,-0.380737484,0.153037503,9.929578926,12.97378582,3.044206893,84,0
01:43.8,-0.729000032,-20.89005089,8.383950233,-0.442887485,-0.193462506,0.571174979,12.97378582,22.52146284,9.547677026,84,1
01:43.9,-3.037950039,-10.98600006,-2.785950184,-0.069299996,-0.373312503,0.0028875,22.52146284,11.73383382,-10.78762902,84,0
01:44.0,-0.988050044,-9.961050034,-0.781050026,-1.323024988,1.083500028,0.076312497,11.73383382,10.04035855,-1.693475274,85,0
01:44.1,-1.375950098,-8.962050438,0.612000048,-1.584825039,1.380499959,-0.347187489,10.04035855,9.087691169,-0.952667381,85,0
01:44.1,-1.84800005,-9.07005024,0.403050005,-1.156924963,0.835587502,-0.520712495,9.087691169,9.265169445,0.177478276,85,0
01:44.2,-0.982950032,-9.520050049,-0.235050008,-0.896224976,1.210137486,-0.365337491,9.265169445,9.57354648,0.308377035,85,0
01:44.3,-2.341050148,-12.37005043,3.250950098,-0.779212475,0.896224976,-0.418549985,9.57354648,13.00258974,3.429043261,85,0
01:44.4,-3.811950207,-15.99600029,0.760050058,0.984224975,0.780312479,0.101887502,13.00258974,16.46149039,3.458900645,85,1
01:44.5,-1.840950131,-12.03795052,-2.604000092,2.814625025,-0.42019999,0.72132498,16.46149039,12.45319905,-4.00829134,85,0
01:44.5,0.25605002,-9.403050423,-1.270050049,1.807850003,-1.756837487,0.733012497,12.45319905,9.491888431,-2.961310615,85,0
01:44.6,-0.504000008,-5.319000244,-2.122050047,1.447187543,-0.743737519,0.606374979,9.491888431,5.748815183,-3.743073248,85,0
01:44.7,0.676050007,-5.458050251,0.37500003,0.288199991,-1.780212522,0.465849996,5.748815183,5.512529472,-0.236285711,85,0
01:44.8,-1.066950083,-10.67205048,9.727050781,-0.753637493,-0.817162514,0.287099987,5.512529472,14.4791768,8.966647326,85,1
01:44.8,-1.210950017,-7.159050465,4.33095026,-0.28215,-0.172150001,0.317900002,14.4791768,8.454320414,-6.024856384,85,0
01:44.9,6.133950233,-1.897050142,-5.485050201,-0.668524981,0.02365,0.436012506,8.454320414,8.444520142,-0.009800272,85,0
01:45.0,-0.705000043,-9.4249506,-1.666950107,-0.916437507,0.210924998,-0.120449997,8.444520142,9.597157992,1.152637851,86,0
01:45.1,-3.100050211,-9.373950005,-0.882000029,-1.574100018,1.378299952,-0.112062499,9.597157992,9.91257656,0.315418568,86,0
01:45.2,-1.147950053,-8.93100071,-0.778950036,-1.408137441,1.359187484,-0.425974995,9.91257656,9.038104124,-0.874472436,86,0
01:45.2,-1.086000085,-8.869050026,-1.501950026,-1.168750048,0.965387523,-0.424874991,9.038104124,9.060645586,0.022541462,86,0
01:45.3,-2.218950033,-11.24700069,1.21995008,-1.01433754,0.96222502,-0.522774994,9.060645586,11.52853165,2.467886067,86,0
01:45.4,-4.933050156,-12.88500023,7.015950203,-0.247087494,1.05696249,-0.216287494,11.52853165,15.47842925,3.949897595,86,1
01:45.5,1.023000002,-12.37500095,-3.202050209,2.408174992,0.209824994,0.498849988,15.47842925,12.8234279,-2.655001346,86,0
01:45.6,-2.068050146,-13.02405071,-0.211050004,2.446399927,-0.940637469,0.705375016,12.8234279,13.1889071,0.365479198,87,0
01:45.6,0.607950032,-6.606000423,-1.552050114,1.732362509,-1.542887449,0.924549997,13.1889071,6.813053969,-6.37585313,87,0
01:45.7,1.423050046,-4.876049995,-2.055000067,1.093812466,-1.70252502,0.378537506,6.813053969,5.479412401,-1.333641568,87,0
01:45.8,-0.087000005,-7.173000336,4.638000011,-0.420612484,-1.000174999,0.089100003,5.479412401,8.54227996,3.062867559,87,0
01:45.9,-3.630000114,-11.16300011,7.786950588,-0.517412484,-0.27335,0.127462506,8.54227996,14.08637894,5.544098981,87,0
01:46.0,-0.69600004,-19.99605179,7.387050152,-0.271562487,0.0363,0.462687492,14.08637894,21.32826794,7.241888994,87,1
01:46.0,-2.314950228,-9.403050423,-4.062000275,0.0583,-0.266887486,0.039049998,21.32826794,10.50124745,-10.82702048,87,0
01:46.1,-1.222950101,-10.05000019,-0.918000042,-1.45282495,1.079237461,-0.051287498,10.50124745,10.16566943,-0.335578026,88,0
01:46.2,-1.444950104,-9.088950157,0.423000008,-1.573137522,1.136712551,-0.468462497,10.16566943,9.212807649,-0.952861777,88,0
01:46.3,-1.483950019,-8.923950195,-0.562950015,-1.303774953,0.872850001,-0.587674975,9.212807649,9.0639896,-0.148818049,88,0
01:46.4,-1.86195004,-9.8770504,-0.610950053,-1.146337509,0.673887491,-0.570625007,9.0639896,10.06957013,1.005580526,88,0
01:46.4,-2.787000179,-12.06405067,3.936000109,-0.821699977,0.664262474,-0.40466249,10.06957013,12.99233565,2.92276552,88,0
01:46.5,-3.88800025,-14.08500099,5.173950195,0.836274981,0.76326251,0.0572,12.99233565,15.50075997,2.50842432,88,1
01:46.6,-1.029000044,-14.93805027,-3.973950148,3.190274954,-0.546837509,0.754324973,15.50075997,15.49181935,-0.008940617,89,0
01:46.7,-2.289000034,-8.93805027,-1.959000111,1.640787482,-0.421299994,1.254412532,15.49181935,9.43217606,-6.059643289,89,0
01:46.8,1.497000098,-4.714050293,-1.603050113,1.324812531,-1.896262527,0.682962477,9.43217606,5.199331603,-4.232844456,89,0
01:46.8,0.718950033,-6.069000244,-0.606000006,0.274312496,-1.861062527,0.251899987,5.199331603,6.141407748,0.942076144,89,0
01:46.9,-2.455950022,-9.994950294,8.237999916,-0.564162493,-0.635112524,0.227424994,6.141407748,13.18314699,7.041739241,89,1
01:47.0,0.064950004,-5.72205019,3.89805007,-0.089649998,-0.196762502,0.329587489,13.18314699,6.923934664,-6.259212325,89,0
01:47.1,3.76695013,-3.049050093,-5.272050381,-0.641849995,0.008662499,0.244474992,6.923934664,7.161084762,0.237150098,89,0
01:47.2,-1.062000036,-9.625950813,-1.789050102,-0.979274988,0.318312496,0.134887502,7.161084762,9.84822184,2.687137078,90,0
01:47.2,-2.34795022,-9.324000359,-0.657000005,-1.573137522,1.270912528,-0.200337499,9.84822184,9.637504964,-0.210716876,90,0
01:47.3,-1.792950034,-8.822999954,-0.406950027,-1.481562495,1.147437453,-0.451550007,9.637504964,9.01252497,-0.624979994,90,0
01:47.4,-1.414050102,-9.274050713,-0.64200002,-1.15912497,0.641849995,-0.443024993,9.01252497,9.403175971,0.390651,90,0
01:47.5,-1.71600008,-11.36895084,1.060050011,-1.033587456,1.039912462,-0.381287485,9.403175971,11.54648889,2.143312915,90,0
01:47.6,-5.506950378,-12.58605099,6.453000069,-0.278987497,0.710049987,-0.199237496,11.54648889,15.17815509,3.6316662,90,1
01:47.6,-0.472950011,-12.03000069,-4.572000027,2.247437477,-0.216975003,0.546700001,15.17815509,12.87819019,-2.299964899,90,0
01:47.7,-2.395950079,-12.00900078,-1.617000103,2.423024893,-1.764262438,0.658487499,12.87819019,12.35197821,-0.526211972,91,0
01:47.8,0.95295006,-6.226950169,-1.138050079,1.553612471,-1.902587533,0.714862525,12.35197821,6.401420171,-5.950558043,91,0
01:47.9,0.520050049,-6.226950169,-2.185050011,0.836274981,-1.281087518,0.299887508,6.401420171,6.619652861,0.218232691,91,0
01:48.0,-0.00405,-8.461950302,5.112000465,-0.383349985,-1.032075047,0.120037496,6.619652861,9.886211007,3.266558146,91,0
01:48.0,-3.862050295,-12.30300045,7.126050472,-0.215187505,-0.629887521,-0.109862499,9.886211007,14.73295109,4.846740085,91,1
01:48.1,0.037950002,-13.99395084,1.1410501,-0.074662499,-0.498987496,0.528687477,14.73295109,14.040445,-0.692506094,91,0
01:48.2,-1.981950045,-5.431950092,-5.359950066,-0.205562502,-0.072187498,-0.051287498,14.040445,7.884368871,-6.156076128,92,0
01:48.3,-0.636000037,-10.03305054,-0.714000046,-1.496412516,0.869687498,0.076312497,7.884368871,10.07851156,2.194142686,92,0
01:48.3,-1.903050065,-9.396000862,0.504000008,-1.564612508,0.876012504,-0.446187496,10.07851156,9.600023321,-0.478488236,92,0
01:48.4,-2.362950087,-9.052950859,0.027000001,-1.2538625,0.762162507,-0.430237502,9.600023321,9.356291005,-0.243732316,92,0
01:48.5,-0.090000004,-9.469950676,-0.589050055,-1.036749959,0.623837471,-0.441924989,9.356291005,9.488679875,0.13238887,92,0
01:48.6,-2.734050035,-11.98995018,3.294000149,-0.913275003,0.585474968,-0.532400012,9.488679875,12.73123607,3.242556196,92,0
01:48.7,-6.075000286,-16.21199989,4.954050064,0.522362471,0.336462498,-0.013062499,12.73123607,18.00769783,5.276461757,92,1
01:48.7,-0.873000026,-11.91300011,-5.59305048,3.171162367,-0.271149993,0.811662495,18.00769783,13.18953806,-4.818159767,93,0
01:48.8,-1.788000107,-9.571050644,-1.600050092,1.803587437,-1.363037467,1.1171875,13.18953806,9.867224286,-3.322313775,93,0
01:48.9,0.316050023,-6.076050282,-1.368000031,1.297037482,-2.14101243,0.78828752,9.867224286,6.236160576,-3.63106371,93,0
01:49.0,0.793050051,-6.169950485,-1.531050086,0.431887507,-1.890900016,0.512737513,6.236160576,6.406350891,0.170190315,93,0
01:49.1,-1.738050103,-10.51200008,7.311000347,-0.940912485,-1.094912529,0.359425008,6.406350891,12.92182998,6.515479088,93,1
01:49.1,-2.551950216,-9.813000679,4.731000423,-0.352412492,-1.235299945,0.120999999,12.92182998,11.18882466,-1.73300532,93,0
01:49.2,2.677950144,-4.539000034,-6.543000221,-0.331099987,-0.608574986,0.521262527,11.18882466,8.401475476,-2.787349182,93,0
01:49.3,-0.745950043,-9.870000839,-0.787950039,-1.162287474,-0.200887501,-0.088550001,8.401475476,9.929462387,1.527986911,94,0
01:49.4,-2.455950022,-9.601950645,-0.762000024,-1.228287458,0.083187498,-0.269499987,9.929462387,9.940311401,0.010849014,94,0
01:49.5,-1.024049997,-9.250050545,-0.991950035,-1.404974937,0.403562486,-0.304562509,9.940311401,9.359277662,-0.581033739,94,0
01:49.5,-1.153050065,-8.167050362,-2.431050062,-1.260187507,-0.172150001,-0.539825022,9.359277662,8.598851113,-0.760426549,94,0
01:49.6,-1.575000048,-12.10005093,2.925000191,-1.432612538,0.135299996,-0.523874998,8.598851113,12.54780792,3.94895681,94,0
01:49.7,-4.666950226,-13.18995094,4.873050213,-0.203500003,0.644050002,-0.172700003,12.54780792,14.81559478,2.267786856,94,1
01:49.8,-1.026000023,-11.90805054,-0.51000005,2.257062435,-0.446737498,0.208312497,14.81559478,11.96304492,-2.852549862,94,0
01:49.9,-3.394950151,-12.27000046,-3.265050173,2.567812443,-1.869587541,0.598949969,11.96304492,13.14302668,1.179981766,95,0
01:49.9,-0.169050008,-8.506950378,-1.822950125,1.488574982,-2.444337368,1.078824997,13.14302668,8.701719934,-4.44130675,95,0
01:50.0,0.25395,-6.385050297,-1.456050038,1.170400023,-1.769624949,0.799974978,8.701719934,6.553887366,-2.147832567,95,0
01:50.1,1.522950053,-7.015050411,1.908000112,-0.183287501,-1.765362501,0.713762522,6.553887366,7.427703115,0.873815749,95,0
01:50.2,-3.474000216,-10.58595085,8.155950546,-0.503525019,-0.740437508,0.129525006,7.427703115,13.80762696,6.379923844,95,1
01:50.3,-3.067050219,-8.704050064,1.431000113,-0.41415,-1.312987447,0.604174972,13.80762696,9.338899608,-4.468727351,95,0
01:50.3,2.776050091,-1.734000087,-7.329000473,-0.259875,-0.613799989,0.273212492,9.338899608,8.026671685,-1.312227923,95,0
01:50.4,-1.114950061,-9.622950554,-0.532050014,-1.481562495,0.174762502,0.108350001,8.026671685,9.701926006,1.67525432,96,0
01:50.5,-1.363950014,-9.664050102,-0.237000018,-1.329349995,-0.013612499,-0.367399991,9.701926006,9.762704186,0.060778181,96,0
01:50.6,-2.014950037,-8.716050148,-0.726000011,-1.252762437,0.333299994,-0.488674998,9.762704186,8.975334526,-0.78736966,96,0
01:50.7,-0.772050023,-8.754000664,-0.976950049,-1.01433754,-0.308412492,-0.424874991,8.975334526,8.842116277,-0.133218249,96,0
01:50.7,-1.603950024,-9.954000473,0.241050005,-0.891962469,-0.0253,-0.440824986,8.842116277,10.08528067,1.243164393,96,0
01:50.8,-2.538000107,-12.80400085,6.199050426,-0.4120875,0.674849987,-0.276924998,10.08528067,14.45033247,4.365051804,96,1
01:50.9,-1.32795012,-10.68000031,-3.871050119,2.278237581,-0.156199992,0.127462506,14.45033247,11.43725872,-3.013073752,96,0
01:51.0,-2.832000017,-11.39805031,-2.218050003,1.98673749,-0.575574994,0.855387509,11.43725872,11.95221824,0.514959514,96,0
01:51.0,0.991950035,-9.295050621,-1.765050054,1.111962438,-2.203850031,1.146887541,11.95221824,9.513008599,-2.439209636,96,0
01:51.1,0.196950004,-7.645050526,-1.453950047,0.842599988,-1.873849988,0.610637486,9.513008599,7.784571766,-1.728436833,96,0
01:51.2,-0.612000048,-7.782000542,1.60800004,0.086075,-1.641887546,0.808499992,7.784571766,7.969927266,0.185355499,96,0
01:51.3,-1.95600009,-8.758950233,2.632950068,-0.042762499,-1.284250021,0.451962501,7.969927266,9.352944542,1.383017276,96,0
01:51.4,-1.125,-9.62100029,4.080000401,-0.559899986,-0.942699969,0.609537482,9.352944542,10.51074093,1.157796386,96,0
01:51.4,-0.304950029,-15.56805038,3.388050079,-0.355574995,-1.182087541,0.272112489,10.51074093,15.93537168,5.424630754,96,1
01:51.5,-2.037000179,-0.070050001,-5.863050461,0.613799989,-0.85868752,-0.067237496,15.93537168,6.207224616,-9.728147065,96,0
01:51.6,-0.454050034,-9.838950157,0.277050018,-0.888800025,0.858962476,0.553162515,6.207224616,9.853317124,3.646092507,96,0
01:51.7,-1.479000092,-9.904050827,0.538049996,-0.174762502,-0.469150007,-0.141762495,9.853317124,10.028318,0.175000873,96,0
01:51.8,-1.972050071,-9.55395031,0.190050006,-0.365199983,0.470524997,0.0572,10.028318,9.757205902,-0.271112096,96,0
01:51.8,-0.949950039,-9.087000847,1.378050089,-0.266200006,-0.313775003,-0.112062499,9.757205902,9.239859929,-0.517345972,96,0
01:51.9,-2.253000021,-9.07005024,1.459950089,-0.0385,0.339625001,-0.051287498,9.239859929,9.459031383,0.219171454,96,0
01:52.0,-1.501050115,-8.646000862,-0.034050003,0.229625002,0.073562503,-0.051287498,9.459031383,8.775399806,-0.683631577,96,0
01:52.1,-1.03395009,-9.742950439,2.33100009,0.043449998,0.120449997,-0.069437496,8.775399806,10.07113189,1.29573208,96,0
01:52.2,-1.504950047,-9.568050385,1.929000139,0.148774996,0.529100001,-0.086487502,10.07113189,9.875905242,-0.195226645,96,0
01:52.2,-1.182000041,-9.106050491,2.500950098,-0.0683375,0.065037496,-0.179024994,9.875905242,9.51693391,-0.358971332,96,0
01:52.3,-0.895050049,-9.477000237,2.251950026,-0.209824994,0.290674984,-0.056649998,9.51693391,9.78191837,0.26498446,96,0
01:52.4,-1.062000036,-9.244950294,1.852050066,-0.089512497,0.048124999,-0.135437503,9.78191837,9.488257979,-0.293660391,96,0
01:52.5,-0.757950008,-9.379050255,1.908000112,-0.121550001,0.1343375,-0.033275001,9.488257979,9.601121618,0.112863639,96,0
01:52.6,-0.828000069,-9.63105011,1.612950087,-0.057612501,-0.0050875,-0.0407,9.601121618,9.80022032,0.199098702,96,0
01:52.6,-0.724950016,-9.580050468,1.660950065,-0.040562499,-0.033824999,-0.02365,9.80022032,9.749957673,-0.050262647,96,0
01:52.7,-1.114950061,-9.477000237,1.744950056,-0.055550002,0.0353375,-0.010862499,9.749957673,9.700592653,-0.04936502,96,0
01:52.8,-1.069050074,-9.433950424,1.651050091,-0.053350002,-0.030662499,-0.0045375,9.700592653,9.636817684,-0.063774969,96,0
01:52.9,-1.057050109,-9.574950218,1.558050036,-0.0034375,-0.083875,0.000825,9.636817684,9.75830654,0.121488856,96,0
01:53.0,-1.09800005,-9.55095005,1.582050085,-0.029975001,0.026812499,0.000825,9.75830654,9.743158289,-0.015148251,96,0
01:53.0,-1.065000057,-9.324000359,1.456950068,-0.0171875,0.0012375,-0.001375,9.743158289,9.497047505,-0.246110784,96,0
01:53.1,-0.978000045,-9.228000641,1.335000038,-0.02035,0.0001375,-0.000275,9.497047505,9.375217598,-0.121829907,96,0
01:53.2,-1.102950096,-9.43200016,1.357050061,-0.0171875,0.0396,0.015675001,9.375217598,9.592742611,0.217525013,96,0
01:53.3,-1.057050109,-9.4249506,1.348950028,-0.0034375,0.0353375,0.0050875,9.592742611,9.579494502,-0.013248109,96,0
01:53.4,-0.88500005,-9.403050423,1.270050049,-0.012925,0.012925,-0.001375,9.579494502,9.529617488,-0.049877014,96,0
01:53.4,-1.105050087,-9.49200058,1.342050076,-0.0077,0.011825,-0.013062499,9.529617488,9.649886482,0.120268994,96,0
01:53.5,-1.1410501,-9.544050217,1.452000022,-0.012925,-0.00935,-0.0034375,9.649886482,9.721069588,0.071183106,96,0
01:53.6,-1.086000085,-9.409950256,1.407000065,-0.015125,0.012925,-0.001375,9.721069588,9.576335896,-0.144733692,96,0
01:53.7,-0.909000039,-9.460050583,1.335000038,-0.012925,0.0034375,-0.000275,9.576335896,9.596929884,0.020593988,96,0
01:53.8,-0.997950077,-9.574950218,1.384950042,-0.0077,0.0023375,0.0028875,9.596929884,9.725927342,0.128997457,96,0
01:53.8,-1.018950105,-9.463050842,1.464000106,-0.0012375,0.0023375,-0.0056375,9.725927342,9.629687787,-0.096239555,96,0
01:53.9,-0.966000021,-9.468000412,1.291950107,-0.009762499,0.0023375,0.0028875,9.629687787,9.604442874,-0.025244913,96,0
01:54.0,-1.045050025,-9.511050224,1.35405004,-0.0077,-0.001925,-0.001375,9.604442874,9.663625481,0.059182607,96,0
01:54.1,-1.074000001,-9.49905014,1.420950055,-0.0055,-0.001925,0.001925,9.663625481,9.664601835,0.000976354,96,0
01:54.1,-1.065000057,-9.54900074,1.35405004,-0.0023375,-0.0061875,0.0028875,9.664601835,9.703148549,0.038546714,96,0
01:54.2,-0.945000052,-9.379050255,1.31400001,0.0221375,-0.0232375,-0.001375,9.703148549,9.517678541,-0.185470008,96,0
01:54.3,-1.113000035,-9.786000252,1.519950032,-0.0066,-0.031762499,-0.0045375,9.517678541,9.965682019,0.448003478,96,0
01:54.4,-0.895050049,-9.784050941,1.555050015,-0.0012375,-0.015812499,0.0050875,9.965682019,9.947208049,-0.01847397,96,0
01:54.5,-1.156050086,-9.42195034,1.407000065,0.016775001,0.0342375,0.0061875,9.947208049,9.596314355,-0.350893694,96,0
01:54.5,-1.000050068,-9.409950256,1.387950063,0.003025,0.012925,0.0039875,9.596314355,9.56418681,-0.032127545,96,0
01:54.6,-1.026000023,-9.540000916,1.411950111,0.01265,0.0066,0.000825,9.56418681,9.698345046,0.134158236,96,0
01:54.7,-1.102950096,-9.625950813,1.435950041,0.003025,0.02145,0.0050875,9.698345046,9.794762912,0.096417866,96,0
01:54.8,-1.090950012,-9.357000351,1.347000122,0.029562499,-0.0210375,-0.0034375,9.794762912,9.516198654,-0.278564257,96,0
01:54.9,-0.990000069,-9.451050758,1.363950014,0.017875001,0.0055,0.012512499,9.516198654,9.600146885,0.083948231,96,0
01:54.9,-1.084050059,-9.517950058,1.447950125,0.003025,-0.000825,0.0039875,9.600146885,9.68829693,0.088150045,96,0
01:55.0,-1.084050059,-9.520050049,1.455000043,0.013612499,0.011825,0.014575,9.68829693,9.691415923,0.003118993,96,0
01:55.1,-1.225050092,-9.525000572,1.384950042,0.004125,0.008662499,0.00935,9.691415923,9.702807338,0.011391416,96,0
01:55.2,-1.146000028,-9.372000694,1.378050089,0.033824999,-0.015812499,-0.0023375,9.702807338,9.541841286,-0.160966053,96,0
01:55.3,-1.09800005,-9.433950424,1.435950041,0.0061875,0.025712499,0.01045,9.541841286,9.605570115,0.063728829,96,0
01:55.3,-1.09800005,-9.556050301,1.40895009,0.004125,0.011825,0.00935,9.605570115,9.721565811,0.115995696,96,0
01:55.4,-1.125,-9.439050674,1.486050129,0.01265,0.0044,0.0061875,9.721565811,9.621312157,-0.100253654,96,0
01:55.5,-1.126950026,-9.453000069,1.468950033,0.01045,0.0001375,0.00935,9.621312157,9.632603016,0.011290859,96,0
01:55.6,-1.086000085,-9.484050751,1.495950103,0.014712499,-0.01155,0.010312499,9.632603016,9.662529769,0.029926753,96,0
01:55.7,-1.147950053,-9.477000237,1.515000105,0.01155,-0.004125,0.00715,9.662529769,9.665740951,0.003211182,96,0
01:55.7,-1.162950039,-9.465000153,1.575000048,0.0072875,-0.00935,0.0061875,9.665740951,9.665366306,-0.000374645,96,0
01:55.8,-1.090950012,-9.48900032,1.492950082,0.014712499,-0.0061875,0.010312499,9.665366306,9.667481521,0.002115215,96,0
01:55.9,-1.096050024,-9.643050194,1.741950035,0.0061875,0.0055,0.00715,9.667481521,9.860229846,0.192748325,96,0
