timestamp,x_acc,y_acc,z_acc,x_gyro,y_gyro,z_gyro,prev_mag,mag,mag_delta,original_steps
43:00.0,0.68295002,-9.537000656,0.517949998,0.005775,0.004125,0.0034375,9.61524464,9.575441214,-0.039803425,0
43:00.1,0.726000011,-9.54900074,0.585000038,-0.0017875,-0.0075625,0.011962499,9.575441214,9.594410675,0.018969461,0
43:00.2,0.774000049,-9.586950302,0.520950019,0.017462499,0.004125,0.0012375,9.594410675,9.632241748,0.037831073,0
43:00.2,0.72300005,-9.61605072,0.505950034,0.020624999,0.005225,-0.0039875,9.632241748,9.65645618,0.024214432,0
43:00.3,0.718950033,-9.537000656,0.526050031,0.022824999,0.018012499,0.0023375,9.65645618,9.578517594,-0.077938586,0
43:00.4,0.879000068,-9.352950096,0.664950013,0.0078375,0.051012501,0.0044,9.578517594,9.417668243,-0.160849351,0
43:00.5,0.445950031,-9.870000839,0.451050013,-0.060224999,0.073287502,-0.039187498,9.417668243,9.890360666,0.472692423,0
43:00.6,0.549000025,-9.49200058,0.037050001,0.044,-0.154412493,0.0374,9.890360666,9.507936092,-0.382424574,0
43:00.6,0.75000006,-9.367050171,0.351000011,0.053624999,-0.039462499,0.0683375,9.507936092,9.403580701,-0.104355391,0
43:00.7,1.108950019,-9.456000328,-0.261000007,0.193049997,-0.0320375,-0.014712499,9.403580701,9.524380996,0.120800295,0
43:00.8,-0.052050002,-9.67800045,0.940050066,0.051424999,-0.122512497,-0.069025002,9.524380996,9.723687369,0.199306373,0
43:00.9,0.508050025,-9.646950722,1.159950018,0.106837496,-0.108625002,-0.036987498,9.723687369,9.729710021,0.006022653,0
43:00.9,-0.673950016,-9.508050919,1.335000038,0.147262499,-0.315012485,-0.094462499,9.729710021,9.624939792,-0.104770229,0
43:01.0,0.534000039,-9.508050919,0.757950008,0.286687493,-0.178887501,-0.0540375,9.624939792,9.553150084,-0.071789708,0
43:01.1,-0.547049999,-9.259050369,1.38105011,0.218624994,-0.293837488,-0.061462499,9.553150084,9.377450445,-0.175699639,0
43:01.2,1.018050075,-10.03995037,0.645000041,0.3282125,-0.399162501,0.0182875,9.377450445,10.11202524,0.734574795,0
43:01.3,-1.668000102,-10.3369503,0.255000025,0.268537492,-0.483175009,-0.356262505,10.11202524,10.4737668,0.361741556,0
43:01.3,-2.035050154,-12.14805031,-0.331050009,0.0100375,-0.589599967,-0.343474984,10.4737668,12.32177542,1.848008625,0
43:01.4,2.902950048,-11.17095089,-5.748000145,-0.913687468,0.578875005,0.245024994,12.32177542,12.89405942,0.572284003,0
43:01.5,2.383050203,-11.92695045,1.480950117,-2.018362522,-1.308037519,0.580250025,12.89405942,12.25252173,-0.641537697,0
43:01.6,-1.374000072,-9.232950211,-0.700050056,-0.75515002,-1.465474963,0.868587494,12.25252173,9.360839485,-2.891682242,0
43:01.7,0.394950032,-8.392050743,0.162,-0.617924988,0.522499979,1.186762452,9.360839485,8.402900999,-0.957938486,0
43:01.7,1.732050061,-7.417950153,-0.657000005,-0.197587505,0.519199967,0.959062517,8.402900999,7.645759014,-0.757141985,0
43:01.8,-0.649950027,-7.978050232,-2.128950119,0.022824999,0.549037516,0.268400013,7.645759014,8.282762169,0.637003155,0
43:01.9,-4.300050259,-9.084000587,-4.447950363,0.311162502,0.436287493,-0.212575004,8.282762169,10.99062152,2.707859348,0
43:02.0,-1.642050028,-8.337000847,-3.859050274,-0.057062499,0.751299977,0.082087502,10.99062152,9.332426289,-1.658195229,0
43:02.1,1.678950071,-17.64195061,-6.907950401,0.158950001,0.570349991,-0.200887501,9.332426289,19.02043831,9.688012017,0
43:02.1,2.5870502,-9.322050095,3.634050131,-0.106012501,-0.882337511,-0.193462506,19.02043831,10.33439728,-8.686041029,0
43:02.2,-3.451950073,-8.55300045,-2.351999998,1.224300027,-0.602387488,-1.470562458,10.33439728,9.518491477,-0.815905799,0
43:02.3,0.060000002,-9.460050583,-0.252000004,1.042250037,-0.348012507,-0.114675,9.518491477,9.463596622,-0.054894855,0
43:02.4,0.364050031,-8.899950027,0.499050021,0.652712524,0.089374997,-0.400949985,9.463596622,8.921361658,-0.542234964,0
43:02.5,0.891000032,-9.598950386,1.09800005,0.403699994,-0.108625002,-0.419099987,8.921361658,9.70254264,0.781180982,0
43:02.5,-2.635950089,-11.43600082,-0.762000024,0.716650009,0.312812507,-0.666050017,9.70254264,11.76056936,2.058026723,0
43:02.6,-2.29095006,-13.07895088,-1.606950045,0.136675,-0.703450024,-0.0881375,11.76056936,13.3749653,1.614395937,0
43:02.7,3.490050077,-12.38700104,-3.013050079,-1.638450027,-0.377849996,0.744149983,13.3749653,13.21728849,-0.157676811,0
43:02.8,-0.985950053,-10.61505032,-0.145950004,-1.770449996,-1.581524968,0.988900006,13.21728849,10.66173964,-2.555548852,0
43:02.9,1.70295012,-8.160000801,0.006,-0.601975024,-0.706749976,1.048437476,10.66173964,8.33580759,-2.325932048,0
43:02.9,2.34705019,-6.535950184,-0.265950024,-0.330549985,0.838474989,1.187862515,8.33580759,6.949677605,-1.386129985,0
43:03.0,1.846950054,-6.130950451,-0.730950058,0.135574996,0.861987472,0.442887485,6.949677605,6.444692849,-0.504984756,0
43:03.1,-9.319950104,-15.11295033,-5.740950108,0.713487506,0.817300022,-0.696850002,6.444692849,18.66068717,12.21599432,0
43:03.2,2.139000177,-8.281949997,-2.941050053,-0.523187518,0.445775002,0.357775003,18.66068717,9.045208285,-9.615478883,0
43:03.3,7.873050213,1.849950075,2.98995018,-0.0155375,-0.621637523,-0.289299995,9.045208285,8.62247279,-0.422735495,0
43:03.3,-2.647950172,-14.19795036,1.207950115,0.543124974,-0.468324989,-1.106600046,8.62247279,14.49319075,5.87071796,0
43:03.4,0.670950055,-7.152000427,-0.570000052,1.341312528,-0.4384875,-0.851125002,14.49319075,7.205982525,-7.287208225,0
43:03.5,0.172950014,-9.43200016,-0.556050003,1.098624945,0.573512495,-0.503112495,7.205982525,9.449959277,2.243976752,0
43:03.6,0.127050012,-9.465000153,-0.28095001,0.722975016,-0.095837496,-0.444674999,9.449959277,9.470021251,0.020061975,0
43:03.7,-1.611000061,-11.23500061,-0.276000023,0.677187502,0.468187511,-0.693687499,9.470021251,11.35326983,1.883248583,0
43:03.7,-3.12405014,-13.25700092,-2.242050171,0.017462499,-0.546012521,-0.160462499,11.35326983,13.80342536,2.450155528,0
43:03.8,1.971000075,-12.43005085,-3.58095026,-1.58413744,-0.652437508,0.783474982,13.80342536,13.0848848,-0.718540563,0
43:03.9,-1.170000076,-10.7130003,-0.184950009,-1.997050047,-1.344200015,1.089962482,13.0848848,10.77828753,-2.30659727,0
43:04.0,0.958050072,-7.911000252,-0.372000009,-0.559350014,-0.752399981,1.134649992,10.77828753,7.977478858,-2.800808671,0
43:04.0,3.47295022,-6.009000301,-0.115050003,-0.222062498,1.076900005,1.250699997,7.977478858,6.941376258,-1.0361026,0
43:04.1,1.36500001,-6.213000298,-0.702000022,0.0462,0.879999995,0.327937484,6.941376258,6.399797009,-0.541579249,0
43:04.2,-9.409049988,-13.95105076,-6.433050156,0.842187524,0.629887521,-0.686262488,6.399797009,18.01516509,11.61536808,0
43:04.3,0.595950007,-6.39495039,-1.879950047,-0.545462489,0.508612514,0.488674998,18.01516509,6.692141591,-11.3230235,0
43:04.4,6.414000511,-3.037050247,-3.154950142,0.411262512,-0.734387517,-0.400949985,6.692141591,7.766388296,1.074246704,0
43:04.4,-0.327000022,-11.90100098,0.838950038,0.39517501,-0.0682,-1.006500006,7.766388296,11.93501531,4.168627013,0
43:04.5,-0.222000018,-7.489050388,0.592950046,1.292362452,-0.636487484,-1.011862516,11.93501531,7.515766726,-4.419248583,0
43:04.6,0.010050001,-9.525000572,-1.348950028,1.097662449,0.232924998,-0.436149985,7.515766726,9.620052135,2.104285409,0
43:04.7,0.685050011,-8.617050171,0.625950038,0.654912472,0.0297,-0.354200006,9.620052135,8.666871443,-0.953180692,0
43:04.8,-0.847050011,-10.78695011,-1.342050076,0.73892498,0.342649996,-0.658487499,8.666871443,10.90306768,2.236196237,0
43:04.8,-2.2120502,-12.7680006,-2.338050127,-0.008112499,-0.311850011,-0.396687508,10.90306768,13.16744029,2.264372613,0
43:04.9,1.237950087,-11.32395077,-4.450050354,-1.395762444,-0.532124996,0.671687484,13.16744029,12.22977226,-0.937668032,0
43:05.0,0.340050012,-11.70900059,0.202050015,-1.893924952,-0.746074975,0.846312523,12.22977226,11.71567979,-0.514092469,0
43:05.1,0.067050003,-7.245000362,-0.802950025,-0.624249995,-1.231312513,0.990962505,11.71567979,7.289667667,-4.426012124,0
43:05.2,3.346050262,-5.920950413,0.399000019,-0.568974972,0.629887521,1.296350002,7.289667667,6.812701899,-0.476965768,0
43:05.2,0.283050001,-6.852000237,-2.128950119,-0.0144375,0.825687468,0.272662491,6.812701899,7.180700046,0.367998147,0
43:05.3,-5.011950016,-11.427001,-6.598950386,0.190850005,0.724624991,-0.400949985,7.180700046,14.11531583,6.934615785,0
43:05.4,0.60405004,-11.32095051,0.565950036,-0.402875006,1.004575014,0.623837471,14.11531583,11.35117158,-2.764144248,0
43:05.5,7.510950565,-3.916050196,3.306000233,0.227149993,-1.238875031,-0.279675007,11.35117158,9.092824922,-2.25834666,0
43:05.6,-2.595000029,-11.97300053,0.384000003,0.659174979,-0.022412499,-1.377887487,9.092824922,12.25700709,3.164182166,0
43:05.6,1.090050101,-7.044000149,-1.174050093,1.380637527,-0.204462498,-0.596750021,12.25700709,7.22388683,-5.033120258,0
43:05.7,-0.235950008,-9.532050133,-0.400050014,1.101925015,0.112750001,-0.511637509,7.22388683,9.543358536,2.319471706,0
43:05.8,-0.055950001,-9.847950935,-1.084950089,0.820874989,-0.085249998,-0.548900008,9.543358536,9.907693209,0.364334673,0
43:05.9,-1.71600008,-11.52300072,-0.621000051,0.549587488,0.450037509,-0.648999989,9.907693209,11.66661231,1.758919104,0
43:06.0,-3.697050095,-13.01895046,-1.734000087,-0.38912499,-0.709912479,0.106562503,11.66661231,13.64433974,1.977727423,0
43:06.0,6.994050503,-13.06995106,3.127050161,-1.97793746,-1.157887459,1.29112494,13.64433974,15.14987808,1.505538342,0
43:06.1,-1.198950052,-9.277950287,-0.514950037,-1.363862514,-0.189475,0.701524973,15.14987808,9.369259111,-5.780618967,0
43:06.2,2.368950129,-6.471000195,0.243000016,-0.308274984,-0.109724998,1.368812442,9.369259111,6.895274994,-2.473984118,0
43:06.3,3.922950268,-5.086950302,0.604950011,-0.043175001,1.162012458,0.966487467,6.895274994,6.452330331,-0.442944663,0
43:06.3,-6.505950451,-12.52800083,-8.233950615,0.519749999,0.866249979,-0.526624978,6.452330331,16.34246428,9.890133952,0
43:06.4,-0.142950013,-7.576050282,-2.946000099,-0.350762486,0.314875007,0.091712497,16.34246428,8.129937832,-8.21252645,0
43:06.5,3.958950281,-15.65205097,-3.982950211,0.0143,1.057787538,0.000275,8.129937832,16.62900717,8.499069334,0
43:06.6,1.842000127,-11.14695072,3.370950222,0.152624995,-0.668387473,-0.373312503,16.62900717,11.7902833,-4.838723868,0
43:06.7,-1.20600009,-8.661000252,-0.478950024,1.216737509,-0.045787498,-1.360975027,11.7902833,8.757668337,-3.032614961,0
43:06.7,0.498000026,-8.596050262,0.063000001,1.179612517,0.312812507,-0.248874992,8.757668337,8.610694115,-0.146974222,0
43:06.8,0.205950007,-9.42195034,-0.060000002,1.040187478,0.098862499,-0.522362471,8.610694115,9.42439195,0.813697835,0
43:06.9,-2.42505002,-10.7850008,-1.90200007,0.736862481,0.346912503,-0.742637515,9.42439195,11.21671584,1.792323886,0
43:07.0,-2.226000071,-12.76605034,-3.372000217,-0.045375001,-0.0033,-0.083875,11.21671584,13.39020175,2.173485919,0
43:07.1,1.64805007,-11.62800026,-5.142000198,-1.639549971,-0.867349982,0.669624984,13.39020175,12.82055479,-0.569646965,0
43:07.1,-1.989000082,-11.59395027,1.888050079,-2.170574903,-0.822662473,1.132587552,12.82055479,11.91388003,-0.906674761,0
43:07.2,0.711000025,-8.160000801,-0.60405004,-0.350762486,-1.045137525,1.050637484,11.91388003,8.213160814,-3.700719214,0
43:07.3,3.784050226,-5.034000397,0.205050007,-0.111374997,1.081162453,1.184700012,8.213160814,6.300971482,-1.912189332,0
43:07.4,1.432050109,-6.430950165,-1.890000105,0.287787497,0.923725009,0.141762495,6.300971482,6.854194915,0.553223433,0
43:07.5,-8.257050514,-14.15505028,-7.384050369,0.511224985,0.771512508,-0.711700022,6.854194915,17.97410725,11.11991233,0
43:07.5,2.626950026,-8.373000145,2.128050089,-0.507237494,0.907637477,0.90268749,17.97410725,9.029761627,-8.944345622,0
43:07.6,6.250950336,-3.517950058,1.31400001,0.602800012,-0.901449978,-0.826650023,9.029761627,7.292252652,-1.737508975,0
43:07.7,-0.352950007,-12.75105095,2.913000107,0.259050012,0.032862499,-0.949024975,7.292252652,13.08432053,5.792067874,0
43:07.8,0.51000005,-7.056000233,-0.658950031,1.602012515,-0.352274984,-0.941599965,13.08432053,7.105030224,-5.979290303,0
43:07.9,0.220050007,-9.250050545,-1.168950081,1.106187463,0.25850001,-0.302087486,7.105030224,9.326215812,2.221185589,0
43:07.9,0.616050005,-9.943950653,-0.205950007,0.714450002,-0.01925,-0.410575002,9.326215812,9.965143632,0.63892782,0
43:08.0,-2.827050209,-11.35005093,-1.734000087,0.613387525,0.330962509,-0.66178751,9.965143632,11.82466174,1.859518106,0
43:08.1,-3.582000256,-13.21305084,-0.466950029,-0.471074998,-0.245849997,-0.069025002,11.82466174,13.6979371,1.87327536,0
43:08.2,5.755050182,-12.55005074,1.965000153,-1.770449996,-0.781137466,1.295387506,13.6979371,13.94580947,0.247872369,0
43:08.3,-0.931050062,-9.407999992,-1.344000101,-1.413912535,-0.272525012,0.66109997,13.94580947,9.549013266,-4.3967962,0
43:08.3,2.467050076,-6.103050232,0.553950012,-0.449762493,-0.150150001,1.23901248,9.549013266,6.606089526,-2.94292374,0
43:08.4,3.298050165,-5.358000278,0.403050005,-0.162387505,0.934312522,0.832424998,6.606089526,6.304581761,-0.301507765,0
43:08.5,-3.706050158,-11.19900036,-8.032950401,0.52511251,0.74703747,-0.45746249,6.304581761,14.27167506,7.967093297,0
43:08.6,0.787950039,-6.553050518,-3.753000259,-0.460350007,0.469287485,0.146025002,14.27167506,7.592650875,-6.679024183,0
43:08.7,0.381000012,-17.25105095,-3.592950106,0.055687498,0.874774992,-0.0264,7.592650875,17.62535703,10.03270615,0
43:08.7,3.550050259,-11.23305035,3.595950127,0.064212501,-1.051462531,-0.157299995,17.62535703,12.31726976,-5.308087271,0
43:08.8,-2.305050135,-8.502000809,0.801000059,1.140149951,0.272387505,-1.60778749,12.31726976,8.84527416,-3.471995596,0
43:08.9,0.252000004,-8.914050102,0.448950022,1.372112513,0.373450011,-0.174349993,8.84527416,8.928905272,0.083631111,0
43:09.0,1.055999994,-9.460050583,0.019950001,1.056137443,0.194700003,-0.428725004,8.928905272,9.518828238,0.589922966,0
43:09.1,-3.202950239,-11.13900089,-1.162050009,0.840125024,0.208450004,-0.792687476,9.518828238,11.64845875,2.129630516,0
43:09.1,-1.546050072,-13.58895111,-2.508000135,-0.057062499,0.036162499,-0.191399992,11.64845875,13.90467288,2.256214122,0
43:09.2,1.387050033,-11.68995094,-3.753000259,-1.458600044,-1.03125,0.806850016,13.90467288,12.35572223,-1.548950648,0
43:09.3,-0.720000029,-11.90805054,-1.243050098,-2.043937445,-0.828024983,0.986699998,12.35572223,11.99438374,-0.361338494,0
43:09.4,0.04095,-7.600050449,-0.249000013,-0.615724981,-1.092987537,1.00691247,11.99438374,7.604238604,-4.390145131,0
43:09.4,3.945000172,-5.305050373,0.589950025,-0.233750001,0.884262502,1.170812488,7.604238604,6.637365957,-0.966872647,0
43:09.5,1.008000016,-6.52905035,-1.369950056,0.179162502,0.900212467,0.185350001,6.637365957,6.74694936,0.109583403,0
43:09.6,-5.482950211,-12.52095032,-6.93405056,0.555912495,0.833249986,-0.553162515,6.74694936,15.32703484,8.580085482,0
43:09.7,2.203950167,-14.76795101,1.555050015,-0.501874983,0.916162491,0.656837523,15.32703484,15.01226012,-0.314774719,0
43:09.8,7.297950268,-5.226000309,4.200000286,-0.024062499,-1.197350025,-0.264824986,15.01226012,9.910154375,-5.102105747,0
43:09.8,-4.532999992,-12.05700016,0.018000001,0.848649979,0.137225002,-1.504524946,9.910154375,12.88098078,2.970826402,0
43:09.9,1.840050101,-7.567950249,-0.180000007,1.445675015,-0.156474993,-0.272249997,12.88098078,7.790510596,-5.090470182,0
43:10.0,0.091050006,-8.962050438,-0.538950026,1.288100004,0.113849998,-0.511637509,7.790510596,8.978702873,1.188192277,0
43:10.1,-1.242000103,-10.85895061,-0.766950011,0.796400011,-0.060775001,-0.682962477,8.978702873,10.95662288,1.977920011,0
43:10.2,-0.408000022,-12.24600029,-0.949050069,0.453749985,0.373450011,-0.487162501,10.95662288,12.28949483,1.332871944,0
43:10.2,-4.054049969,-11.0340004,0.187950015,-0.723249972,-1.152662516,0.142862499,12.28949483,11.75669218,-0.532802645,0
43:10.3,7.06305027,-14.09205055,3.808950186,-2.200412512,-1.47716248,1.480462551,11.75669218,16.21667874,4.459986557,0
43:10.4,0.136950001,-8.317950249,-0.367050022,-0.99673748,-0.962087512,0.620674968,16.21667874,8.32717103,-7.889507712,0
43:10.5,2.704050064,-5.070000172,0.624000013,-0.356124997,0.321337491,1.140974998,8.32717103,5.779806615,-2.547364415,0
43:10.6,2.701950073,-5.925000191,0.382050008,-0.060224999,1.079100013,0.583412468,5.779806615,6.523198883,0.743392268,0
43:10.6,-10.22100067,-17.92695045,-8.185950279,0.749650002,0.700150013,-0.598949969,6.523198883,22.20031958,15.67712069,0
43:10.7,0.757050037,-1.666950107,1.651050091,-0.894575,0.539550006,1.137812495,22.20031958,2.465322255,-19.73499732,0
43:10.8,2.884050131,-2.545950174,-0.702000022,0.763400018,-0.816337466,-1.023550034,2.465322255,3.910551301,1.445229046,0
43:10.9,0.634950042,-11.1060009,3.811950207,0.086625002,0.007425,-0.676637471,3.910551301,11.75914036,7.848589056,0
43:11.0,0.400050014,-6.903000355,-3.127950191,1.605175018,0.007425,-1.357674956,11.75914036,7.589171649,-4.169968708,0
43:11.0,0.355050027,-8.862000465,0.508949995,0.910250008,0.569249988,-0.258362502,7.589171649,8.883700967,1.294529318,0
43:11.1,0.273000002,-9.999000549,-0.421950012,1.134925008,-0.076724999,-0.570212483,8.883700967,10.01162239,1.127921419,0
43:11.2,-1.980000138,-11.88405037,-1.987950087,0.581487477,0.424600005,-0.697950006,10.01162239,12.2107739,2.199151516,0
43:11.3,-4.714950085,-11.84400082,-0.460050017,-0.7403,-0.505587518,0.164037496,12.2107739,12.75628299,0.545509086,0
43:11.4,6.655950546,-13.57800102,3.745050192,-2.162050009,-1.405937433,1.459287524,12.75628299,15.57848485,2.822201868,0
43:11.4,-2.085000038,-9.340950012,0.067950003,-1.394799948,-0.085249998,0.582312524,15.57848485,9.571059998,-6.007424857,0
43:11.5,2.980050087,-5.839050293,0.562050045,0.0451,-0.057475001,1.503975034,9.571059998,6.579597791,-2.991462207,0
43:11.6,3.046950102,-5.041950226,0.178050011,0.0473,1.58881247,0.864324987,6.579597791,5.893799183,-0.685798608,0
43:11.7,-6.967950344,-14.1379509,-9.112950325,0.727237523,0.765049994,-0.540374994,5.893799183,18.20658813,12.31278894,0
43:11.8,1.504050016,-5.494050026,-2.107950211,-0.511500001,0.245712504,0.363137484,18.20658813,6.073730833,-12.13285729,0
43:11.8,-1.771050096,-19.97700119,-7.015050411,0.197312504,1.029049993,-0.446737498,6.073730833,21.24683805,15.17310722,0
43:11.9,4.764000416,-9.393000603,4.045950413,-0.0836,-1.084462523,0.110962503,21.24683805,11.28245873,-9.964379322,0
43:12.0,-4.137000084,-9.592050552,-1.224000096,1.166824937,0.235125005,-1.720537543,11.28245873,10.51762234,-0.764836389,0
43:12.1,0.276000023,-8.200950623,-0.376050025,1.430687547,-0.285312504,-0.168987498,10.51762234,8.214206033,-2.303416309,0
43:12.2,0.525000036,-9.127950668,-0.333000004,1.007187486,0.145750001,-0.536112487,8.214206033,9.149098177,0.934892144,0
43:12.2,-2.947050095,-10.8930006,-1.162050009,0.73149997,0.124437496,-0.774537504,9.149098177,11.34429049,2.195192309,0
43:12.3,-1.414050102,-13.7119503,-2.179949999,-0.159225002,0.130762503,-0.191399992,11.34429049,13.95597724,2.611686757,0
43:12.4,1.231050014,-11.2999506,-4.852950096,-1.443750024,-1.312299967,0.802587509,13.95597724,12.35942929,-1.596547954,0
43:12.5,-0.552000046,-11.78100014,-0.570000052,-2.24716258,-0.63538748,1.005949974,12.35942929,11.80769107,-0.551738221,0
43:12.5,0.441000015,-7.360050201,-0.673050046,-0.425287485,-1.127087474,0.953700006,11.80769107,7.403905479,-4.403785588,0
43:12.6,4.132050037,-5.230950356,0.205050007,-0.0517,0.947099984,1.158025026,7.403905479,6.669237186,-0.734668294,0
43:12.7,0.217950016,-7.20195055,-2.73300004,0.248325005,0.853462517,0.1013375,6.669237186,7.706158781,1.036921595,0
43:12.8,-6.355050087,-11.9419508,-6.67800045,0.435737491,0.597987473,-0.507375002,7.706158781,15.0861705,7.380011723,0
43:12.9,2.125050068,-18.53295135,1.623000026,-0.418825001,1.05558753,0.74841249,15.0861705,18.72485655,3.638686045,0
43:12.9,6.682050228,-8.566950798,6.999000549,-0.1698125,-1.434674978,-0.028462499,18.72485655,12.9239487,-5.800907853,0
43:13.0,-4.315050125,-11.74095058,-0.66900003,1.028499961,-0.363962501,-1.820637465,12.9239487,12.52665715,-0.397291551,0
43:13.1,0.730950058,-7.003050327,-0.46995002,1.3594625,0.121275,-0.411675006,12.52665715,7.056759518,-5.469897628,0
43:13.2,0.180000007,-9.346050262,0.211950004,1.113612533,0.131862506,-0.545737505,7.056759518,9.350186004,2.293426486,0
43:13.3,-1.60800004,-10.73700047,-1.593000054,0.814549983,-0.078787498,-0.694649994,9.350186004,10.97298921,1.62280321,0
43:13.3,0.241950005,-11.74800014,-0.961050034,0.232374996,0.701250017,-0.476574987,10.97298921,11.78972707,0.816737855,0
43:13.4,-2.808000088,-10.7299509,-2.242050171,-0.961674988,-1.618787527,0.397100002,11.78972707,11.31563078,-0.474096293,0
43:13.5,4.309050083,-13.19205093,3.163050175,-2.270537376,-1.283562541,1.257025003,11.31563078,14.2338683,2.918237526,0
43:13.6,-0.139950007,-7.930050373,-0.490950018,-0.619987488,-1.367575049,0.707849979,14.2338683,7.946465683,-6.28740262,0
43:13.7,3.20505023,-5.626050472,-0.106050007,-0.26455,0.456499994,1.251662493,7.946465683,6.475804004,-1.470661679,0
43:13.7,1.842000127,-5.890050411,-0.676050007,0.0451,0.93857497,0.61105001,6.475804004,6.208276889,-0.267527115,0
43:13.8,-8.275950432,-14.68200111,-6.117000103,0.691074967,0.783200026,-0.590425014,6.208276889,17.92959014,11.72131325,0
43:13.9,2.351999998,-9.532050133,-0.781050026,-0.50613749,0.371387511,0.379087508,17.92959014,9.84895542,-8.080634718,0
43:14.0,8.572050095,-0.51000005,3.100050211,-0.0006875,-1.134512544,-0.200887501,9.84895542,9.129646991,-0.719308429,0
43:14.1,-1.435950041,-13.45800018,1.3950001,0.469700009,-0.081950001,-1.252349973,9.129646991,13.60609227,4.476445274,0
43:14.1,-0.262050003,-6.522000313,-0.477000028,1.620162487,-0.267162502,-0.921387494,13.60609227,6.544668617,-7.061423648,0
43:14.2,0.30705002,-9.451050758,-0.421950012,1.181674957,0.425562501,-0.470112503,6.544668617,9.465446739,2.920778121,0
43:14.3,-0.183000013,-10.36605072,-1.096950054,0.915612519,-0.249149993,-0.581900001,9.465446739,10.42553576,0.960089025,0
43:14.4,-0.816000044,-12.18405056,-0.991950035,0.463375002,0.816200018,-0.701112509,10.42553576,12.25156761,1.82603185,0
43:14.5,-4.248000145,-12.51900101,-0.994050026,-0.595512509,-0.983399987,0.155650005,12.25156761,13.25741404,1.005846422,0
43:14.5,5.575950146,-13.27095032,4.461000443,-2.131249905,-1.385725021,1.299649954,13.25741404,15.07016481,1.812750772,0
43:14.6,-1.843050122,-9.079950333,0.552000046,-1.356437445,-0.244887501,0.636624992,15.07016481,9.281542751,-5.788622055,0
43:14.7,2.805000067,-6.318000317,0.775050044,-0.310337484,-0.226737499,1.556087494,9.281542751,6.955994246,-2.325548506,0
43:14.8,2.836050034,-5.011050224,0.538049996,-0.312399983,1.532437444,0.935687482,6.955994246,5.783018411,-1.172975835,0
43:14.9,-4.497000217,-10.99095058,-8.551050186,0.410162508,0.867212474,-0.329724997,5.783018411,14.63367572,8.850657306,0
43:14.9,-1.642050028,-7.642950535,-3.921000242,-0.178337499,0.460762501,-0.117837496,14.63367572,8.745585405,-5.888090312,0
43:15.0,5.032050133,-12.91905022,-5.818050385,0.055824999,0.924687505,0.1651375,8.745585405,15.03572736,6.290141958,0
43:15.1,1.903950095,-12.30795097,2.691000223,0.112199999,-0.716237485,-0.37757501,15.03572736,12.74174891,-2.293978451,0
43:15.2,-0.234000012,-9.151950836,-0.613050044,1.256199956,-0.57585001,-1.347087502,12.74174891,9.175444974,-3.566303938,0
43:15.2,-0.408000022,-7.959000587,0.186000004,1.292362452,0.47025001,-0.528687477,9.175444974,7.971621565,-1.203823409,0
43:15.3,-0.067950003,-9.337950706,0.181050003,1.234887481,-0.109724998,-0.543537498,7.971621565,9.339952875,1.36833131,0
43:15.4,-2.712000132,-11.62305069,-2.328000069,1.04541254,0.112750001,-0.796812475,9.339952875,12.16017419,2.820221317,0
43:15.5,-3.582000256,-13.5730505,-3.622050285,-0.434774995,0.203225002,-0.0242,12.16017419,14.49750578,2.337331592,0
43:15.6,2.053050041,-11.68305016,-5.731950283,-1.697024941,-0.930187523,0.871749997,14.49750578,13.17436638,-1.323139406,0
43:15.6,-2.527950048,-11.36205101,0.826950014,-2.218425035,-0.530062497,0.90474999,13.17436638,11.66921509,-1.505151283,0
43:15.7,1.734000087,-7.531950474,-0.184950009,-0.224124998,-1.07387495,1.280400038,11.66921509,7.731186244,-3.93802885,0
43:15.8,4.170000076,-5.3770504,0.232950017,-0.121962503,1.223749995,1.261287451,7.731186244,6.808512124,-0.92267412,0
43:15.9,1.123050094,-6.370950222,-2.878950119,0.004675,1.182224989,0.0991375,6.808512124,7.080861673,0.272349549,0
43:16.0,-6.015000343,-11.36895084,-6.045000076,0.521812499,0.744837523,-0.679799974,7.080861673,14.21180138,7.130939703,0
43:16.0,-2.463000059,-17.6800499,3.349050045,-0.211337492,0.711837471,0.320512503,14.21180138,18.16223196,3.950430586,0
43:16.1,6.24600029,-13.1970005,6.034050465,0.0397375,-1.162150025,0.259875,18.16223196,15.79819948,-2.364032478,0
43:16.2,-0.892050028,-9.331050873,1.681950092,1.208349943,-0.390637487,-1.835487485,15.79819948,9.523298785,-6.274900698,0
43:16.3,0.025950002,-8.020950317,-0.439050019,1.544537544,0.850300014,-0.423362494,9.523298785,8.032999584,-1.490299201,0
43:16.4,0.381000012,-9.037050247,0.541950047,1.358362436,-0.121412501,-0.555362523,8.032999584,9.061299467,1.028299883,0
43:16.4,-3.475950241,-12.07095051,-3.547050238,0.860337496,0.304287493,-0.812900007,9.061299467,13.05264884,3.991349369,0
43:16.5,-1.726050138,-11.1610508,-4.492950439,-0.107112497,-0.222474992,-0.093500003,13.05264884,12.15462495,-0.898023889,0
43:16.6,2.884050131,-13.64700031,-4.230000019,-2.0151999,-1.302675009,0.853737473,12.15462495,14.57570797,2.421083024,0
43:16.7,-2.241000175,-10.57905006,0.880050063,-2.442962408,-0.651337504,1.050637484,14.57570797,10.84955622,-3.726151752,0
43:16.8,1.252950072,-7.14195013,1.630050063,-0.497612506,-1.012137532,1.221962452,10.84955622,7.431984846,-3.417571373,0
43:16.8,5.002950191,-4.408950329,1.486050129,-0.094324999,1.086524963,1.197487473,7.431984846,6.832034734,-0.599950112,0
43:16.9,-0.775050044,-7.485000134,-4.198950291,0.317487508,0.923725009,-0.264824986,6.832034734,8.617256705,1.785221971,0
43:17.0,-2.662050009,-10.08300018,-5.518050194,0.407962501,0.723662496,-0.490325004,8.617256705,11.79840162,3.181144919,0
43:17.1,4.231950283,-16.28100014,-1.624050021,-0.156062499,1.086524963,0.368499994,11.79840162,16.90023394,5.101832313,0
43:17.2,3.484950066,-13.08705044,4.201950073,0.28352499,-0.942974985,-0.32752499,16.90023394,14.1799912,-2.720242734,0
43:17.2,-1.951050043,-8.79900074,1.40895009,1.255100012,-0.158675,-1.692899942,14.1799912,9.122179052,-5.057812152,0
43:17.3,0.594000041,-8.299050331,-0.690000057,1.482800007,0.549037516,-0.246675,9.122179052,8.348842586,-0.773336466,0
43:17.4,0.774000049,-9.55095005,0.070950001,1.019974947,-0.085249998,-0.427625,8.348842586,9.582523511,1.233680925,0
43:17.5,-3.618000269,-11.31900024,-1.96905005,0.8262375,0.238287494,-0.78086251,9.582523511,12.04520031,2.462676801,0
43:17.6,-3.910050154,-13.02195072,-3.211950064,-0.214499995,-0.226737499,-0.134887502,12.04520031,13.97055174,1.925351431,0
43:17.6,6.892950535,-14.27205086,-0.774000049,-2.024825096,-0.92702502,1.221962452,13.97055174,15.86831052,1.897758779,0
43:17.7,-2.335950136,-9.61095047,-0.774000049,-1.874675035,-0.381012499,0.780312479,15.86831052,9.9209933,-5.947317223,0
43:17.8,2.593950033,-6.499950409,0.367950022,-0.165549994,-0.634287477,1.41556251,9.9209933,7.008089562,-2.912903737,0
43:17.9,4.351950169,-4.747050285,0.574050009,-0.121962503,1.437700033,1.133550048,7.008089562,6.465561855,-0.542527708,0
43:18.0,-2.677050114,-9.250050545,-6.397050381,0.218624994,0.881099999,-0.330687493,6.465561855,11.56080819,5.095246334,0
43:18.0,-0.607050002,-8.016000748,-5.631000042,0.135574996,0.41071251,-0.206249997,11.56080819,9.814934496,-1.745873692,0
43:18.1,9.954000473,-1.119000077,0.757950008,-0.430649996,0.29370001,0.457874984,9.814934496,10.04533597,0.230401477,0
43:18.2,-2.503950119,-13.26405048,-1.741050124,0.854974985,-0.263999999,-1.07456255,10.04533597,13.61014537,3.564809396,0
43:18.3,0.003,-8.7520504,0.829950035,1.159399986,0.076587498,-1.025612473,13.61014537,8.791314592,-4.818830777,0
43:18.4,0.414000034,-7.834050179,-1.986000061,1.470149994,0.0276375,-0.528687477,8.791314592,8.092461583,-0.698853009,0
43:18.4,-0.13305001,-9.777000427,0.708000004,0.813449979,0.103124999,-0.503112495,8.092461583,9.803504662,1.71104308,0
43:18.5,-2.751000166,-11.8600502,-2.30700016,1.097662449,0.132962495,-0.809599996,9.803504662,12.39157143,2.588066765,0
43:18.6,-3.202950239,-13.24500084,-2.419050217,-0.581762493,-0.174624994,0.065174997,12.39157143,13.83982447,1.448253045,0
43:18.7,8.161950111,-13.92195034,1.536000013,-2.073775053,-0.908874989,1.351762533,13.83982447,16.21102794,2.37120347,0
43:18.7,-3.100050211,-9.240000725,-2.260950089,-1.789562464,-0.556599975,0.686675012,16.21102794,10.00498976,-6.206038187,0
43:18.8,2.287050009,-5.715000153,0.868050039,-0.431612492,-0.147949994,1.455987453,10.00498976,6.216537248,-3.788452507,0
43:18.9,4.407000065,-4.483950138,0.799050033,-0.236912504,1.519649982,0.978174984,6.216537248,6.337660402,0.121123154,0
43:19.0,-6.738000393,-12.95700073,-10.59300041,0.617649972,0.653400004,-0.48179999,6.337660402,18.04151255,11.70385215,0
43:19.1,0.810000062,-6.663000107,-4.668000221,-0.256024987,0.202124998,0.067237496,18.04151255,8.175689365,-9.865823183,0
43:19.1,6.783000469,-1.441950083,2.128050089,-0.0858,0.145750001,0.0088,8.175689365,7.253751622,-0.921937743,0
43:19.2,-0.859050035,-13.27095032,-0.055050004,0.691074967,-0.593862474,-0.990549982,7.253751622,13.29883904,6.045087418,0
43:19.3,-0.622050047,-7.579950333,-0.13395001,1.33168745,0.347874999,-1.203400016,13.29883904,7.606611329,-5.69222771,0
43:19.4,0.265950024,-8.315999985,-1.603050113,1.449800014,0.150012493,-0.365887493,7.606611329,8.47327297,0.866661641,0
43:19.5,-0.247950017,-10.4779501,-1.261950016,0.901862502,-0.0298375,-0.523325026,8.47327297,10.55658256,2.083309586,0
43:19.5,-1.422000051,-12.00600052,-1.558950067,0.615587473,0.201024994,-0.763812482,10.55658256,12.19001468,1.633432124,0
43:19.6,-3.249000072,-12.02100086,-0.628050029,-0.733837485,-0.582175016,0.155650005,12.19001468,12.46815584,0.278141159,0
43:19.7,6.766050339,-13.86705112,3.75600028,-2.258850098,-1.501637459,1.531612515,12.46815584,15.88024188,3.412086041,0
43:19.8,-3.417000055,-9.183000565,0.490050018,-1.483075023,-0.401225001,0.546149969,15.88024188,9.810379084,-6.069862797,0
43:19.9,2.836050034,-5.226000309,0.070950001,-0.251762509,0.170224994,1.523087502,9.810379084,5.946368045,-3.864011039,0
43:19.9,4.251000404,-4.954950333,0.394050032,0.106837496,1.556912541,0.856899977,5.946368045,6.540474957,0.594106912,0
43:20.0,-8.470050812,-15.48900032,-11.3550005,0.974187493,0.638412476,-0.717062473,6.540474957,20.99016265,14.44968769,0
43:20.1,3.463050127,-11.74305058,-3.969000101,-0.388024986,0.153174996,0.224812493,20.99016265,12.87031137,-8.119851275,0
43:20.2,10.50000095,0.135000005,0.733950019,-0.487987489,-0.59276247,0.147125006,12.87031137,10.52648696,-2.343824414,0
43:20.3,-4.267050266,-13.08405018,-2.440950155,1.039087534,-0.328900009,-1.70458746,10.52648696,13.97706424,3.450577281,0
43:20.3,0.502950013,-7.630950451,1.237050056,1.07525003,0.463925004,-0.752125025,13.97706424,7.746912697,-6.23015154,0
43:20.4,1.249950051,-8.842950821,-1.786950111,1.360424995,-0.051150002,-0.196624994,7.746912697,9.107872696,1.360959999,0
43:20.5,0.091050006,-9.721950531,-0.256950021,0.81881249,0.077687502,-0.589325011,9.107872696,9.72577172,0.617899023,0
43:20.6,-1.443000078,-12.11895084,-1.504050016,0.652712524,0.407550007,-0.811800003,9.72577172,12.29688518,2.571113464,0
43:20.7,-3.666000128,-12.53595066,-1.428000093,-0.441237509,-0.640749991,0.056649998,12.29688518,13.13882796,0.841942776,0
43:20.7,6.904950142,-12.37500095,2.727000237,-1.99072504,-1.271737456,1.416662455,13.13882796,14.43106078,1.292232824,0
43:20.8,-2.073000193,-9.082050323,-0.268950015,-1.570387483,-0.172425002,0.599362493,14.43106078,9.319511896,-5.111548888,0
43:20.9,2.620050192,-5.497050285,0.468000025,-0.3592875,-0.277887493,1.423125029,9.319511896,6.107474836,-3.212037061,0
43:21.0,3.889950275,-4.84800005,0.820050061,0.011,1.25248754,0.955900013,6.107474836,6.269553391,0.162078556,0
43:21.0,-8.677950859,-14.57400036,-10.68195057,0.722975016,0.912999988,-0.550000012,6.269553391,20.04525843,13.77570504,0
43:21.1,2.215950012,-5.202000141,-3.339000225,-0.421025008,0.362862498,0.1343375,20.04525843,6.566594432,-13.478664,0
43:21.2,3.817950249,-3.340950251,-0.823950052,-0.0528,0.072324999,-0.225362495,6.566594432,5.139804118,-1.426790314,0
43:21.3,-0.504000008,-12.31305027,1.078950047,0.468737483,-0.101199999,-0.737275004,5.139804118,12.37050347,7.230699355,0
43:21.4,0.652050018,-7.19505024,-0.34800002,1.486099958,0.541612506,-0.916024983,12.37050347,7.232912359,-5.137591114,0
43:21.4,0.562950015,-8.601000786,-0.934050024,1.441412449,-0.377849996,-0.403149992,7.232912359,8.669866013,1.436953654,0
43:21.5,-2.025000095,-10.50900078,-2.551050186,0.88577497,-0.0149875,-0.747862518,8.669866013,11.00216251,2.332296492,0
43:21.6,-0.427950025,-12.57900047,-0.498000026,0.322849989,0.185075,-0.57447499,11.00216251,12.59612632,1.59396381,0
43:21.7,-3.244050264,-10.69200039,-2.268000126,-0.913687468,-1.005674958,0.300300002,12.59612632,11.40116481,-1.194961506,0
43:21.8,6.139050484,-13.87200069,4.983000278,-2.53343749,-1.726174951,1.467812538,11.40116481,15.9671737,4.566008888,0
43:21.8,-1.242000103,-8.348999977,0.28095001,-0.935000002,-1.079237461,0.529100001,15.9671737,8.445548992,-7.521624705,0
43:21.9,3.013050079,-4.728000164,-0.811950028,-0.035750002,0.225500003,1.435775042,8.445548992,5.664955355,-2.780593637,0
43:22.0,2.326050043,-5.358000278,0.006,-0.130487502,1.481287479,0.614212513,5.664955355,5.841122477,0.176167121,0
43:22.1,-9.37305069,-17.09595108,-7.504050255,0.802862525,1.144000053,-0.674437523,5.841122477,20.89106012,15.04993764,0
43:22.2,1.507050037,-20.77500153,-2.211000204,-0.402875006,0.273487508,0.470662504,20.89106012,20.94660856,0.055548442,0
43:22.2,6.481050491,-7.960950375,7.36095047,-0.693412483,-1.146199942,0.212025002,20.94660856,12.63187786,-8.314730703,0
43:22.3,-5.710950375,-10.68705082,-3.745950222,1.679700017,-1.037712455,-2.084500074,12.63187786,12.68306558,0.051187723,0
43:22.4,0.649050057,-7.894050598,2.916000128,0.965662479,1.382287502,-0.36272499,12.68306558,8.44040032,-4.242665258,0
43:22.5,1.531050086,-8.554950714,-1.344000101,1.674474955,0.0020625,-0.462687492,8.44040032,8.794181733,0.353781413,0
43:22.6,-1.75695014,-11.83605099,-0.313950002,0.758175015,0.244749993,-0.688324988,8.794181733,11.96985971,3.175677972,0
43:22.6,-1.318950057,-12.27000046,-2.472000122,0.294112504,-0.098999999,-0.441374987,11.96985971,12.58583828,0.61597857,0
43:22.7,-0.612000048,-11.66205025,-4.024050236,-1.541649938,-1.143037438,0.656837523,12.58583828,12.35196099,-0.233877284,0
43:22.8,2.440950155,-12.86595058,2.206950188,-2.48338747,-1.223887444,1.226225019,12.35196099,13.28011865,0.928157654,0
43:22.9,0.32100001,-7.444050312,0.118050009,-0.776462495,-1.182362437,0.862262487,13.28011865,7.451903237,-5.828215408,0
43:23.0,3.937950134,-4.98900032,-0.010050001,-0.165549994,0.399024993,1.336912513,7.451903237,6.35591665,-1.095986588,0
43:23.0,0.87195003,-5.880000114,-1.68900013,0.018562499,1.008837461,0.264137506,6.35591665,6.179597045,-0.176319605,0
43:23.1,-5.028000355,-11.53200054,-6.108000278,0.621912479,0.924687505,-0.630850017,6.179597045,13.98483076,7.805233718,0
43:23.2,1.138050079,-19.92000008,0.090000004,-0.266750008,0.590562522,0.347187489,13.98483076,19.95268556,5.967854796,0
43:23.3,5.014950275,-11.27595043,5.959950447,-0.358187497,-1.383525014,0.049224999,19.95268556,13.70466321,-6.248022348,0
43:23.4,-1.138950109,-10.05900002,2.359950066,1.146612525,-0.161837503,-1.635424972,13.70466321,10.39471274,-3.30995047,0
43:23.4,0.289950013,-7.036950111,-1.650000095,1.685062528,0.224537492,-0.255199999,10.39471274,7.23361861,-3.161094131,0
43:23.5,0.484050035,-9.874950409,1.006950021,1.168887496,0.400124997,-0.625487506,7.23361861,9.937952423,2.704333813,0
43:23.6,-1.750050068,-11.19900036,-1.264950037,0.940087497,0.144649997,-0.834074974,9.937952423,11.40527873,1.467326305,0
43:23.7,-2.092050076,-12.85695076,-3.091950178,0.111100003,0.0573375,-0.361624986,11.40527873,13.38798014,1.982701413,0
43:23.8,-0.648000002,-11.38095093,-6.301950455,-1.42779994,-1.011037469,0.66109997,13.38798014,13.02538013,-0.36260001,0
43:23.8,1.665000081,-13.1440506,1.1410501,-2.627074957,-1.361250043,1.169712543,13.02538013,13.29813095,0.272750818,0
43:23.9,-0.21405001,-8.044950485,0.157050014,-0.822250009,-1.065349936,0.839850008,13.29813095,8.049329812,-5.248801137,0
43:24.0,3.75600028,-5.109000206,-0.00705,-0.0198,0.401087493,1.362349987,8.049329812,6.341093826,-1.708235986,0
43:24.1,1.789050102,-5.401050091,-1.543050051,0.119625002,1.240800023,0.325874984,6.341093826,5.895171398,-0.445922428,0
43:24.1,-6.571050167,-13.35000038,-6.565050125,0.735762477,0.905574977,-0.729849994,5.895171398,16.26348959,10.36831819,0
43:24.2,1.672050118,-20.8369503,-0.196950004,-0.376337498,0.535287499,0.476987511,16.26348959,20.90485682,4.641367234,0
43:24.3,5.626050472,-11.6970005,6.312000275,-0.382662505,-1.284525037,0.048124999,20.90485682,14.43307355,-6.471783271,0
43:24.4,-1.35405004,-9.856050491,2.401050091,1.206149936,-0.398062497,-1.705687523,14.43307355,10.23426716,-4.19880639,0
43:24.5,0.064950004,-6.78000021,-1.650000095,1.692487478,0.427762508,-0.357362509,10.23426716,6.978188996,-3.256078166,0
43:24.5,0.181950003,-9.36000061,0.265050024,1.171087503,0.0595375,-0.621224999,6.978188996,9.365520207,2.387331211,0
43:24.6,-2.173950195,-10.45905018,-2.140950203,0.857037485,0.378812492,-0.796949983,9.365520207,10.89501987,1.529499658,0
43:24.7,-0.808050036,-12.14805031,-2.994000196,0.077,0.219174996,-0.276512504,10.89501987,12.5376277,1.642607834,0
43:24.8,-3.811950207,-11.34495068,-3.708000183,-1.296900034,-1.346262455,0.390774995,12.5376277,12.52949064,-0.008137064,0
43:24.9,4.026000023,-12.96705055,3.31305027,-2.559012413,-1.433575034,1.501775026,12.52949064,13.9760287,1.446538068,0
43:24.9,-0.384000003,-9.131999969,0.298050016,-0.901037514,-1.011037469,0.683375001,13.9760287,9.144928281,-4.831100422,0
43:25.0,3.994950294,-4.330049992,0.447000027,0.016362499,0.391600013,1.464512467,9.144928281,5.908364394,-3.236563887,0
43:25.1,2.581950188,-4.917000294,-0.654000044,0.141900003,1.291812539,0.475887507,5.908364394,5.592054606,-0.316309788,0
43:25.2,-10.20195007,-17.28000069,-6.235050201,0.915612519,1.152524948,-0.969237506,5.592054606,21.01318776,15.42113316,0
43:25.3,2.167950153,-15.46200085,0.600000024,-0.425287485,0.285174996,0.501462519,21.01318776,15.6247713,-5.388416468,0
43:25.3,7.686000347,-6.924000263,6.034050465,-0.438075006,-1.418725014,0.094875,15.6247713,11.97606555,-3.64870575,0
43:25.4,-3.910050154,-11.48700047,-0.154050007,1.059299946,0.114812501,-1.625937462,11.97606555,12.13521336,0.159147813,0
43:25.5,1.243050098,-6.562950134,-0.508050025,1.539312482,0.566087484,-0.363687485,12.13521336,6.698925499,-5.436287861,0
43:25.6,0.199050009,-9.36000061,0.298050016,1.345574975,0.138325006,-0.587262511,6.698925499,9.366859994,2.667934495,0
43:25.7,-2.904000044,-10.98900032,-3.067950249,1.020937443,0.183974996,-0.887287498,9.366859994,11.77300569,2.406145698,0
43:25.7,-0.340950012,-11.6970005,-0.951000035,-0.043175001,0.312812507,-0.201987505,11.77300569,11.74054806,-0.032457632,0
43:25.8,-2.848950148,-10.41600037,-2.443050146,-1.042525053,-1.223887444,0.225775003,11.74054806,11.0714983,-0.669049761,0
43:25.9,5.437050343,-13.06305027,3.622050285,-2.487649918,-1.042937517,1.383662462,11.0714983,14.60561697,3.53411867,0
43:26.0,-1.086000085,-9.061050415,1.194000006,-0.905162513,-1.400575042,0.671687484,14.60561697,9.20367681,-5.401940159,0
43:26.1,2.932050228,-5.319000244,-0.585000038,-0.078374997,-0.054312501,1.461349964,9.20367681,6.101713463,-3.101963347,0
43:26.1,2.718000174,-4.65405035,-0.087000005,-0.075212501,1.452549934,0.656837523,6.101713463,5.390294853,-0.711418609,0
43:26.2,-9.589050293,-18.58305168,-7.129950523,0.846449971,1.089687467,-0.72874999,5.390294853,22.09334492,16.70305007,0
43:26.3,1.638000131,-14.92605114,-2.581950188,-0.553025007,0.342649996,0.429137498,22.09334492,15.23602684,-6.857318082,0
43:26.4,6.831000328,-5.796000481,5.421000481,-0.477400005,-1.074975014,-0.160462499,15.23602684,10.47107603,-4.764950807,0
43:26.5,-3.024000168,-11.75700092,-1.864050031,1.444574952,-0.864187479,-1.700462461,10.47107603,12.2819514,1.81087537,0
43:26.5,0.139050007,-7.729050159,1.042950034,1.172049999,1.00553751,-0.585062504,12.2819514,7.800339483,-4.481611919,0
43:26.6,0.630000055,-8.947950363,-0.931950033,1.430687547,0.056375001,-0.42019999,7.800339483,9.018383815,1.218044332,0
43:26.7,0.153000012,-10.48995018,-1.051950097,0.794337511,0.251075,-0.606374979,9.018383815,10.54367407,1.52529025,0
43:26.8,-0.841950059,-11.70705032,-0.160950005,0.500637472,0.25643751,-0.696850002,10.54367407,11.73839052,1.194716458,0
43:26.9,-3.999000072,-12.22395039,-1.75605011,-0.381700009,-1.172875047,0.097075,11.73839052,12.98078105,1.242390524,0
43:26.9,7.807950497,-13.39500046,3.136050224,-2.102512598,-0.588637471,1.432612538,12.98078105,15.8184999,2.837718857,0
43:27.0,-1.620000124,-10.05405045,-1.507050037,-1.511812449,-0.739749968,0.621637523,15.8184999,10.29463601,-5.523863895,0
43:27.1,3.259950161,-6.852000237,-0.372000009,-0.802037477,-0.066,1.346400023,10.29463601,7.597076168,-2.697559842,0
43:27.2,3.436950207,-4.960050106,0.874950051,-0.141075,1.250424981,1.10165,7.597076168,6.09756192,-1.499514248,0
43:27.2,0.397950023,-6.723000526,-2.874000072,0.468600005,0.837512493,-0.038087498,6.09756192,7.322361417,1.224799496,0
43:27.3,-7.552950382,-13.73805046,-8.449950218,0.737962484,0.760787487,-0.748000026,7.322361417,17.80962517,10.48726375,0
43:27.4,6.397050381,-20.67900085,-3.358050108,-0.306075007,1.284387469,0.371662498,17.80962517,21.90479013,4.095164957,0
43:27.5,5.323950291,-3.894000292,3.258000135,-0.674300015,-0.658762515,0.271562487,21.90479013,7.356782575,-14.54800755,0
43:27.6,-4.723950386,-10.7629509,-2.058000088,0.850712478,1.109899998,-1.049124956,7.356782575,11.9328196,4.576037026,0
43:27.6,2.998950243,-7.956000328,-0.843000054,1.081575036,-1.369774938,0.232237503,11.9328196,8.544137924,-3.388681676,0
43:27.7,-0.832050025,-9.808050156,-0.385950029,0.4824875,0.275550008,-0.409474999,8.544137924,9.850843239,1.306705315,0
43:27.8,0.678000033,-10.0710001,0.516000032,0.234575003,-0.581075013,-0.168987498,9.850843239,10.10697695,0.256133711,0
43:27.9,-0.583050013,-9.937050819,-0.751950026,0.271837503,-0.419375002,-0.102025002,10.10697695,9.982502449,-0.124474501,0
43:28.0,-0.765000045,-9.283050537,0.901950061,0.174899995,-0.690800011,-0.344574988,9.982502449,9.358085609,-0.624416841,0
43:28.0,2.140950203,-9.937050819,-0.847950041,0.123887502,0.302224994,-0.190300003,9.358085609,10.20037578,0.84229017,0
43:28.1,0.193950012,-9.61605072,1.041000009,0.219587505,0.040424999,-0.071087502,10.20037578,9.67417847,-0.526197308,0
43:28.2,2.28000021,-9.913050652,-1.104000092,0.0078375,-0.01925,-0.112612501,9.67417847,10.23160742,0.557428949,0
43:28.3,1.947000146,-9.634950638,0.082950003,-0.096387498,0.076587498,-0.180675,10.23160742,9.830054123,-0.401553296,0
43:28.4,1.357950091,-8.632050514,0.142050013,0.0100375,-0.285312504,-0.0540375,9.830054123,8.739365122,-1.090689001,0
43:28.4,0.00495,-9.202050209,-0.733050048,-0.037950002,-0.065037496,-0.238150001,8.739365122,9.23120333,0.491838208,0
43:28.5,-1.807050109,-9.052950859,0.315000027,-0.268812507,-0.105462499,0.0034375,9.23120333,9.236913682,0.005710352,0
43:28.6,5.254950047,-8.421000481,-2.263950109,0.425012499,-0.88440001,0.538725019,9.236913682,10.1810225,0.94410882,0
43:28.7,0.489000022,-11.68305016,-1.440000057,0.191949993,-1.36551249,-0.607474983,10.1810225,11.78161203,1.600589532,0
43:28.8,-0.17400001,-9.244950294,0.45600003,-0.423087507,-0.277887493,0.199237496,11.78161203,9.257824689,-2.523787345,0
43:28.8,2.445000172,-9.322050095,1.108050108,-0.197587505,2.204950094,-0.459524989,9.257824689,9.700846295,0.443021606,0
43:28.9,-0.604950011,-10.11000061,-1.372950077,0.773024976,0.196762502,0.323675007,9.700846295,10.22071763,0.51987133,0
43:29.0,3.078000069,-8.490000725,0.949950039,0.467637509,-0.970612466,-0.017875001,10.22071763,9.080561756,-1.140155869,0
